id,numero,titulo,categoria_id,categoria_nombre,descripcion,imagen_principal,tiempo_minutos,dificultad,porciones,nutricion,ingredientes,pasos,tags,tips_del_chef,proteina_principal,estado,mostrar_a_pacientes,visible,orden,created_at
"almuerzos-1-pastel-de-espinaca","1","Pastel ligero de espinaca y quinua","almuerzos","Almuerzos","Pastel horneado de espinaca y quinua, húmedo por dentro y ligeramente gratinado.","/platos/almuerzo-corregido-01-pastel-ligero-de-espinaca-y-quinua.webp","35","Fácil","2","{""kcal"":328,""carbs"":33.6,""fibra"":7.4,""sodio"":309,""grasas"":12.8,""proteina"":26.2}","[""250 g — Espinaca (1 manojo grande)"",""240 g — Quinua (1½ tazas cocidas)"",""100 g — Huevo (2 huevos)"",""100 g — Clara (3 claras)"",""120 g — Leche (½ taza)"",""30 g — Queso (2 cucharadas ralladas)"",""80 g — Cebolla (⅔ taza picada)"",""5 g — Aceite (1 cucharadita)""]","[""Precalienta el horno a 180 °C y engrasa ligeramente una fuente."",""Sofríe la cebolla con el aceite; añade la espinaca y cocina hasta que pierda volumen."",""Mezcla huevos, claras y leche; incorpora quinua, espinaca y la mitad del queso."",""Vierte en la fuente, termina con el queso restante y hornea 25 minutos hasta cuajar.""]","[""Almuerzos"",""Receta auditada""]","[""Deja reposar el pastel 8 minutos antes de cortarlo."",""El queso va solo en la superficie para lograr aroma y gratinado con una cantidad pequeña.""]","{""id"":""res"",""emoji"":""🥩"",""nombre"":""Res""}","GRATUITO","true","true","1","2026-08-02T18:19:30.342872"
"snacks-1-pan-de-queso","1","Bollitos horneados de queso","snacks","Snacks","Bollitos horneados de queso, reformulada con cantidades prácticas y grasa medida.","/platos/snacks-1-pan-de-queso.webp","15","Fácil","4","{""kcal"":166.2,""carbs"":11,""fibra"":1.5,""sodio"":240.5,""grasas"":8.3,""proteina"":11.7}","[""Huevo 50 g"",""Mozzarella 100 g"",""Parmesano 30 g"",""Harina de avena 60 g""]","[""Mezcla huevo, quesos y avena."",""Forma ocho bollitos pequeños."",""Hornea a 190 °C durante 12 a 15 minutos.""]","[""low carb"",""keto-friendly"",""sin gluten"",""alto en proteína""]","[""Cada porción equivale a dos bollitos.""]","{""id"":""huevo"",""emoji"":""🥚"",""nombre"":""Huevo""}","GRATUITO","true","true","1","2026-08-02T18:19:30.342872"
"meriendas-1-panini-de-queso-crema","1","Pan plano individual de queso crema","meriendas","Meriendas","Pan plano individual de queso crema, reformulada con cantidades prácticas y grasa medida.","/platos/meriendas-1-panini-de-queso-crema.webp","20","Intermedio","2","{""kcal"":214.6,""carbs"":17.3,""fibra"":2.2,""sodio"":167.9,""grasas"":11,""proteina"":11.6}","[""Huevo 100 g"",""Queso crema ligero 60 g"",""Harina de avena 40 g"",""Polvo de hornear 4 g""]","[""Bate el huevo con el queso crema hasta integrar."",""Añade harina de avena y polvo de hornear."",""Divide en dos moldes planos y hornea a 180 °C durante 12 a 15 minutos.""]","[""low carb"",""keto-friendly"",""sin gluten""]","[""Usa papel de hornear; no es necesario engrasar el molde.""]","{""id"":""huevo"",""emoji"":""🥚"",""nombre"":""Huevo""}","GRATUITO","true","true","1","2026-08-02T18:19:30.342872"
"ensaladas-1-ensalada-de-berenjenas","1","Ensalada tibia de berenjena y pimientos","ensaladas","Ensaladas","Ensalada tibia de berenjena y pimientos con ingredientes medidos y aliño equilibrado.","/platos/ensaladas-1-ensalada-de-berenjenas.webp","15","Fácil","4","{""kcal"":126.9,""carbs"":16.8,""fibra"":6.6,""sodio"":80.5,""grasas"":5.3,""proteina"":2.9}","[""Berenjena en cubos 600 g"",""Cebolla en gajos 150 g"",""Pimiento rojo y amarillo 200 g"",""Aceitunas negras en rodajas 40 g"",""Ajo laminado 9 g"",""Albahaca fresca 15 g"",""Aceite de oliva 15 g""]","[""Hornea la berenjena, la cebolla y los pimientos a 200 °C durante 25 minutos con el aceite medido."",""Incorpora ajo y aceitunas; hornea 5 minutos más."",""Entibia y termina con albahaca fresca.""]","[""low carb"",""keto-friendly"",""vegetariana"",""sin gluten""]","[""Mide el aceite antes de mezclar; una cucharada basta para toda la bandeja.""]","{""id"":""vegetariana"",""emoji"":""🥬"",""nombre"":""Vegetariana""}","GRATUITO","true","true","1","2026-08-02T18:19:30.342872"
"cenas-1-cangrejo-siri-con-champinones","1","Cangrejo con champiñones y quinua","cenas","Cenas","Cangrejo con champiñones y quinua reúne cangrejo, champiñón y quinua. El plato se prepara mediante sartén y combina una proteína protagonista, vegetales con textura y un acompañamiento medido para formar un plato completo.","/platos/cenas-01-cangrejo-con-champinones-y-quinua.webp","35","Fácil","2","{""kcal"":326,""carbs"":30.5,""fibra"":5.2,""sodio"":504,""grasas"":6.8,""proteina"":36.3}","[""Cangrejo: 280 g de carne de cangrejo cocida y limpia · 280 g"",""Quinua: 1⅔ tazas cocidas · 260 g"",""Champinon: 2½ tazas laminadas · 200 g"",""Cebolla: ⅔ taza picada · 80 g"",""Aceite: 1 cucharadita · 5 g"",""Leche: ½ taza · 120 g"",""Ajo: 1 diente pequeño · 3 g"",""Cúrcuma: ½ cucharadita · 1 g"",""Pimienta: 1 pizca · 0.5 g""]","[""Cocina la quinua y reserva."",""Calienta el aceite, cocina la cebolla y los champiñones hasta que pierdan parte de su agua."",""Añade el ajo, la cúrcuma, la pimienta, el cangrejo cocido y la leche; calienta a fuego suave sin sobrecocer el cangrejo."",""Reduce hasta obtener una salsa ligera y sirve con la quinua.""]","[""#cenas"",""#proteina-cangrejo"",""#tecnica-sart-n"",""#receta-auditada""]","[""Escurre bien los champiñones durante la cocción para que la salsa no quede aguada."",""Añade el cangrejo al final y caliéntalo suavemente para conservar su textura.""]","{""id"":""res"",""emoji"":""🥩"",""nombre"":""Res""}","GRATUITO","true","true","1","2026-08-02T18:19:30.342872"
"sopas-y-cremas-1-crema-de-coliflor-con-puerros","1","Crema de coliflor con poro y chayote","sopas-y-cremas","Sopas y cremas","Crema suave de coliflor, poro y chayote, terminada con hojas verdes y una cantidad medida de aceite.","/platos/sopas-y-cremas-1-crema-de-coliflor-con-puerros.webp","30","Fácil","4","{""kcal"":98.8,""carbs"":12.2,""fibra"":4.6,""sodio"":47.9,""grasas"":3.6,""proteina"":4.4}","[""Coliflor en floretes 500 g (1 unidad pequeña)"",""Poro picado 100 g (1 taza)"",""Chayote pelado en cubos 300 g (2 unidades pequeñas)"",""Col crespa o espinaca picada 80 g (2 tazas)"",""Ajo 6 g (2 dientes)"",""Aceite vegetal u oliva 10 ml (2 cucharaditas)"",""Agua 800 ml (3 1/3 tazas)"",""Pimienta y nuez moscada al gusto"",""Sal opcional, medida: máximo 1/4 cucharadita para toda la olla""]","[""Calienta el aceite en una olla y cocina el poro y el ajo 3 minutos a fuego medio."",""Añade la coliflor, el chayote y el agua. Cocina tapado 18 a 20 minutos, hasta que las verduras estén tiernas."",""Licúa con cuidado hasta obtener una crema homogénea."",""Regresa a la olla, incorpora la col crespa y cocina 3 minutos. Ajusta la textura con agua caliente."",""Sazona con pimienta, nuez moscada y, si se usa, la cantidad medida de sal.""]","[""sopas y cremas"",""sin azúcar añadida""]","[""Corta la coliflor y el chayote en tamaños similares para que se cocinen al mismo tiempo."",""Licúa por tandas y deja una salida para el vapor si usas una licuadora de vaso.""]","{""id"":""vegetariana"",""emoji"":""🥬"",""nombre"":""Vegetariana""}","GRATUITO","true","true","1","2026-08-02T18:19:30.846388"
"postres-1-bizcochuelo-de-cacao","1","Bizcochuelo de cacao","postres","Postres","Bizcochuelo húmedo de cacao y harina de coco, endulzado sin azúcar.","/platos/postres-1-bizcochuelo-de-cacao.webp","35","Fácil","8","{""kcal"":66.6,""carbs"":5.7,""fibra"":3.2,""sodio"":39.8,""grasas"":3,""proteina"":4.2}","[""Huevos 3 unidades (150 g)"",""Harina de coco 50 g (1/2 taza)"",""Cacao sin azúcar 25 g (1/4 taza)"",""Eritritol granulado 40 g o estevia equivalente según etiqueta"",""Agua 120 ml (1/2 taza)"",""Polvo de hornear 5 g (1 cucharadita)"",""Vainilla 5 ml""]","[""Precalienta el horno a 175 °C y forra un molde de 18 cm."",""Separa claras y yemas. Bate las claras a punto de nieve."",""Mezcla yemas, agua, vainilla y edulcorante."",""Incorpora harina de coco, cacao y polvo de hornear."",""Añade las claras en tres tandas y hornea 20 a 25 minutos.""]","[""postres"",""sin azúcar añadida""]","[""Rinde ocho porciones; deja enfriar antes de cortar."",""La harina de coco absorbe mucho líquido: no aumentes la cantidad.""]","{""id"":""huevo"",""emoji"":""🥚"",""nombre"":""Huevo""}","GRATUITO","true","true","1","2026-08-02T18:19:30.342872"
"bebidas-1-batido-con-kefir","1","Batido de kéfir, fresa y linaza","bebidas","Bebidas","Batido de kéfir, fresa y linaza combina kefir, fresa y leche en un vaso individual de textura y sabor definidos. La fórmula está ajustada como batido, sin azúcar añadida ni grasas concentradas innecesarias.","/platos/bebidas-01-batido-de-kefir-fresa-y-linaza.webp","8","Fácil","1","{""kcal"":216,""carbs"":23.5,""fibra"":3.4,""grasas"":9.2,""proteina"":11.6}","[""200 g/ml — Kefir (¾ taza)"",""100 g/ml — Fresa (¾ taza)"",""100 g/ml — Leche (⅓ taza)"",""5 g/ml — Linaza (1 cucharadita)"",""80 g/ml — Hielo (4 cubos)""]","[""Lava y prepara todos los ingredientes."",""Colócalos en la licuadora con el líquido y el hielo."",""Licúa 45 a 60 segundos hasta obtener una textura uniforme."",""Sirve inmediatamente en un vaso de 350 a 400 ml.""]","[""#bebidas"",""#batido"",""#sin-azucar-anadida"",""#receta-auditada"",""Bebidas"",""Receta auditada""]","[""Agita el kéfir antes de medirlo para integrar su textura."",""Sirve batido de kéfir, fresa y linaza apenas termine el licuado para conservar su color y textura.""]","{""id"":""vegetariana"",""emoji"":""🥬"",""nombre"":""Vegetariana""}","GRATUITO","true","true","1","2026-08-02T18:19:30.342872"
"desayunos-1-torta-de-coco","1","Bizcochito de avena, coco y plátano","desayunos","Desayunos","Bizcochito individual, húmedo y suavemente dulce, con avena, plátano y un toque de coco.","/platos/desayuno-corregido-01-bizcochito-de-avena-coco-y-platano.webp","25","Fácil","1","{""kcal"":388,""carbs"":53.3,""fibra"":6.9,""sodio"":211,""grasas"":10.9,""proteina"":24.9}","[""40 g — Avena (½ taza)"",""120 g — Yogur (½ taza)"",""50 g — Huevo (1 huevo)"",""50 g — Clara (aprox. 2 claras pequeñas)"",""5 g — Coco (1 cucharada rasa)"",""50 g — Platano (½ plátano pequeño)"",""1 g — Canela (¼ cucharadita)""]","[""Mezcla avena, yogur, huevo, clara y plátano aplastado."",""Añade coco, canela y polvo de hornear."",""Hornea 18 minutos a 180 °C en molde individual.""]","[""Desayunos"",""Receta auditada""]","[""No aumentes el coco: una pequeña cantidad es suficiente para aportar aroma."",""Comprueba el centro con un palillo: debe salir con migas húmedas, no con masa líquida.""]","{""id"":""huevo"",""emoji"":""🥚"",""nombre"":""Huevo""}","GRATUITO","true","true","1","2026-08-02T18:19:30.342872"
"meriendas-2-panini-de-nueces","2","Pan plano de nuez y linaza","meriendas","Meriendas","Pan plano de nuez y linaza, reformulada con cantidades prácticas y grasa medida.","/platos/meriendas-2-panini-de-nueces.webp","20","Fácil","2","{""kcal"":248,""carbs"":23.3,""fibra"":5.1,""sodio"":38.4,""grasas"":13,""proteina"":9.5}","[""Huevo 50 g"",""Harina de nuez 20 g"",""Harina de linaza 10 g"",""Harina de avena 20 g"",""Agua 40 g""]","[""Mezcla huevo, agua, nuez y linaza."",""Deja reposar cinco minutos."",""Forma dos panes finos y cocina en sartén antiadherente 3 minutos por lado.""]","[""low carb"",""keto-friendly"",""sin gluten""]","[""Mantén los panes finos para que el centro se cocine por completo.""]","{""id"":""huevo"",""emoji"":""🥚"",""nombre"":""Huevo""}","GRATUITO","true","true","2","2026-08-02T18:19:30.342872"
"snacks-2-mayonesa-de-aguacate","2","Mayonesa ligera de palta","snacks","Snacks","Mayonesa ligera de palta, reformulada con cantidades prácticas y grasa medida.","/platos/snacks-2-mayonesa-de-aguacate.webp","20","Fácil","8","{""kcal"":50.5,""carbs"":2.8,""fibra"":1.7,""sodio"":7.5,""grasas"":3.9,""proteina"":1.1}","[""Palta 200 g"",""Yogur natural 80 g"",""Jugo de limón 30 g"",""Ajo 3 g""]","[""Procesa palta, yogur, limón y ajo."",""Añade agua de una cucharada en una cucharada hasta ajustar la textura."",""Refrigera y consume dentro de 24 horas.""]","[""low carb"",""keto-friendly"",""vegetariana"",""sin gluten"",""rápida"",""sin horno""]","[""La porción práctica es de aproximadamente 35 g; no requiere aceite adicional.""]","{""id"":""vegetariana"",""emoji"":""🥬"",""nombre"":""Vegetariana""}","GRATUITO","true","true","2","2026-08-02T18:19:30.342872"
"desayunos-2-crepe-clasico","2","Crepe de avena con ricotta y fresas","desayunos","Desayunos","Crepes finos de avena rellenos con ricotta cremosa y fresas frescas.","/platos/desayuno-corregido-02-crepe-de-avena-con-ricotta-y-fresas.webp","20","Fácil","1","{""kcal"":386,""carbs"":45.8,""fibra"":6.2,""sodio"":265,""grasas"":10.3,""proteina"":31.9}","[""40 g — Avena (½ taza molida)"",""50 g — Huevo (1 huevo)"",""80 g — Clara (aprox. 3 claras pequeñas)"",""80 g — Leche (⅓ taza)"",""60 g — Ricotta (¼ taza)"",""100 g — Fresa (1 taza)""]","[""Licúa avena, huevo, claras y leche."",""Cuaja dos crepes finos en sartén antiadherente."",""Rellena con ricotta y fresas.""]","[""Desayunos"",""Receta auditada""]","[""Espera a que los bordes se despeguen antes de voltear."",""Deja reposar la mezcla 5 minutos para que la avena se hidrate antes de cuajar los crepes.""]","{""id"":""huevo"",""emoji"":""🥚"",""nombre"":""Huevo""}","GRATUITO","true","true","2","2026-08-02T18:19:30.342872"
"bebidas-2-zumo-detox-con-limon-y-linaza","2","Limonada de zanahoria y linaza","bebidas","Bebidas","Limonada de zanahoria y linaza combina limón, zanahoria y linaza en un vaso individual de textura y sabor definidos. La fórmula está ajustada como refrescante, sin azúcar añadida ni grasas concentradas innecesarias.","/platos/bebidas-02-limonada-de-zanahoria-y-linaza.webp","8","Fácil","1","{""kcal"":90,""carbs"":14,""fibra"":5.1,""grasas"":3.6,""proteina"":2.5}","[""30 g/ml — Limon (2 cucharadas de jugo)"",""100 g/ml — Zanahoria (1 zanahoria mediana)"",""8 g/ml — Linaza (2 cucharaditas)"",""250 g/ml — Agua (1 taza)"",""80 g/ml — Hielo (4 cubos)""]","[""Lava y prepara todos los ingredientes."",""Colócalos en la licuadora con el líquido y el hielo."",""Licúa 45 a 60 segundos hasta obtener una textura uniforme."",""Sirve inmediatamente en un vaso de 350 a 400 ml.""]","[""#bebidas"",""#refrescante"",""#sin-azucar-anadida"",""#receta-auditada"",""Bebidas"",""Receta auditada""]","[""Usa linaza recién molida para que se distribuya mejor."",""Sirve limonada de zanahoria y linaza apenas termine el licuado para conservar su color y textura.""]","{""id"":""vegetariana"",""emoji"":""🌱"",""nombre"":""Vegetariana""}","GRATUITO","true","true","2","2026-08-02T18:19:31.03302"
"postres-2-tarta-de-avellana-y-chocolate","2","Tarta de avellana y chocolate","postres","Postres","Tarta de avellana con cobertura fina de chocolate oscuro y naranja.","/platos/postres-2-tarta-de-avellana-y-chocolate.webp","45","Fácil","10","{""kcal"":178.5,""carbs"":7.5,""fibra"":2.1,""sodio"":31.9,""grasas"":13.3,""proteina"":7.2}","[""Harina de avellanas 150 g"",""Proteína de suero neutra 30 g"",""Huevos 2 unidades (100 g)"",""Yogur natural descremado 120 g"",""Jugo de naranja 80 ml"",""Chocolate oscuro 70% 60 g"",""Leche de coco ligera 80 ml"",""Eritritol 40 g o estevia equivalente"",""Polvo de hornear 5 g"",""Ralladura de naranja 1 cucharadita""]","[""Precalienta el horno a 175 °C y forra un molde de 18 cm."",""Mezcla harina de avellanas, proteína y polvo de hornear."",""Bate huevos, yogur, jugo, ralladura y edulcorante."",""Integra ambas mezclas y hornea 25 a 30 minutos."",""Derrite el chocolate con la leche de coco y extiende una capa fina sobre la tarta fría.""]","[""postres"",""sin azúcar añadida""]","[""Rinde diez porciones pequeñas."",""La cobertura se limita a 6 g de chocolate por porción.""]","{""id"":""huevo"",""emoji"":""🥚"",""nombre"":""Huevo""}","GRATUITO","true","true","2","2026-08-02T18:19:30.342872"
"cenas-2-espagueti-de-zanahoria-con-albahaca","2","Tallarines de zanahoria con pollo y albahaca","cenas","Cenas","Tallarines de zanahoria con pollo y albahaca reúne pollo, zanahoria y quinua. El plato se prepara mediante sartén y combina una proteína protagonista, vegetales con textura y un acompañamiento medido para formar un plato completo.","/platos/cenas-02-tallarines-de-zanahoria-con-pollo-y-albahaca.webp","35","Fácil","2","{""kcal"":358,""carbs"":34.4,""fibra"":7.7,""sodio"":161,""grasas"":8.8,""proteina"":35}","[""280 g — Pollo (2 filetes medianos)"",""260 g — Quinua (1⅔ tazas cocidas)"",""250 g — Zanahoria (2 zanahorias grandes)"",""80 g — Cebolla (⅔ taza picada)"",""5 g — Aceite (1 cucharadita)""]","[""Cocina quinua sin sal añadida y reserva."",""Corta y cocina zanahoria hasta que quede tierna pero firme."",""Calienta el aceite medido y cocina la cebolla; añade pollo y ajo, albahaca y pimienta hasta alcanzar cocción completa."",""Integra los vegetales, ajusta la textura con agua si hace falta y sirve con el acompañamiento reservado.""]","[""#cenas"",""#proteina-pollo"",""#tecnica-sart-n"",""#receta-auditada"",""Cenas"",""Receta auditada""]","[""Para Tallarines de zanahoria con pollo y albahaca, corta zanahoria en piezas similares para que se cocine de manera uniforme."",""Al preparar Tallarines de zanahoria con pollo y albahaca, mide 1 cucharadita de aceite antes de calentar; esa cantidad corresponde a toda la receta.""]","{""id"":""res"",""emoji"":""🥩"",""nombre"":""Res""}","GRATUITO","true","true","2","2026-08-02T18:19:30.342872"
"ensaladas-2-ensalada-de-mayonesa","2","Ensalada cremosa de coliflor y huevo","ensaladas","Ensaladas","Ensalada cremosa de coliflor y huevo con ingredientes medidos y aliño equilibrado.","/platos/ensaladas-2-ensalada-de-mayonesa.webp","15","Intermedio","4","{""kcal"":192.9,""carbs"":10,""fibra"":3.3,""sodio"":169.3,""grasas"":10.7,""proteina"":14.2}","[""Huevos cocidos 300 g"",""Coliflor en floretes 600 g"",""Yogur natural sin azúcar 120 g"",""Aceite de oliva 10 g"",""Jugo de limón 20 g"",""Cebollín picado 30 g""]","[""Cocina la coliflor al vapor hasta que esté tierna pero firme; enfría."",""Mezcla yogur, aceite medido, limón y cebollín."",""Integra la coliflor y el huevo en trozos; refrigera 20 minutos.""]","[""low carb"",""keto-friendly"",""sin gluten"",""rápida"",""sin horno""]","[""El yogur reemplaza la crema y gran parte del aceite sin perder untuosidad.""]","{""id"":""huevo"",""emoji"":""🥚"",""nombre"":""Huevo""}","GRATUITO","true","true","2","2026-08-02T18:19:30.342872"
"almuerzos-2-bolitas-de-pollo","2","Bolitas horneadas de pollo y coliflor","almuerzos","Almuerzos","Bolitas doradas de pollo y coliflor, ligadas con avena y cocidas al horno.","/platos/almuerzos-02-bolitas-horneadas-de-pollo-y-coliflor.webp","35","Fácil","2","{""kcal"":364,""carbs"":34.2,""fibra"":8.1,""sodio"":72,""grasas"":11.4,""proteina"":38.4}","[""Pollo: 260 g de pollo molido crudo (aprox. 2 filetes medianos) · 260 g"",""Coliflor: 2½ tazas cocidas · 250 g"",""Avena: ⅔ taza molida · 60 g"",""Huevo: 1 huevo · 50 g"",""Cebolla: ½ taza picada · 60 g"",""Zanahoria: 1 taza rallada · 100 g"",""Aceite: 1 cucharadita · 5 g""]","[""Precalienta el horno a 200 °C; cocina la coliflor, tritúrala y presiónala para retirar el exceso de agua."",""Mezcla la coliflor con el pollo molido crudo, la avena, el huevo, la cebolla y la zanahoria."",""Forma 12 bolitas iguales y colócalas en una bandeja pincelada con la cucharadita de aceite."",""Hornea durante 25 minutos, voltéalas a mitad de cocción y comprueba que el pollo esté completamente cocido.""]","[""low carb"",""keto-friendly"",""sin gluten""]","[""Forma bolitas del mismo tamaño para que terminen de cocinarse juntas."",""No añadas mayonesa: acompaña con yogur natural, limón y hierbas si deseas una salsa.""]","{""id"":""pollo"",""emoji"":""🍗"",""nombre"":""Pollo""}","GRATUITO","true","true","2","2026-08-02T18:19:30.342872"
"sopas-y-cremas-2-sopa-de-col-nutricional","2","Crema verde de brócoli, coliflor y zapallito","sopas-y-cremas","Sopas y cremas","Crema de verduras verdes con brócoli, coliflor, zapallito italiano y espinaca, de textura suave y sabor fresco.","/platos/sopas-y-cremas-2-sopa-de-col-nutricional.webp","30","Fácil","4","{""kcal"":121.7,""carbs"":13.4,""fibra"":5.7,""sodio"":85.7,""grasas"":4.5,""proteina"":6.9}","[""Brócoli en floretes 300 g (3 tazas)"",""Coliflor en floretes 400 g (4 tazas)"",""Zapallito italiano en rodajas 300 g (2 unidades medianas)"",""Espinaca 120 g (4 tazas)"",""Cebolla picada 100 g (1 unidad pequeña)"",""Ajo 6 g (2 dientes)"",""Aceite vegetal u oliva 10 ml (2 cucharaditas)"",""Agua 1 litro (4 tazas)"",""Pimienta al gusto"",""Sal opcional, máximo 1/4 cucharadita para toda la olla""]","[""Calienta el aceite y cocina la cebolla y el ajo 3 minutos."",""Añade el brócoli, la coliflor, el zapallito y el agua. Cocina 15 minutos."",""Incorpora la espinaca y cocina 2 minutos más."",""Licúa hasta obtener una crema uniforme y vuelve a calentar sin hervir."",""Ajusta la consistencia y sazona.""]","[""sopas y cremas"",""sin azúcar añadida""]","[""Añade la espinaca al final para conservar mejor su color."",""No prolongues la cocción después de licuar: basta con calentar la crema.""]","{""id"":""vegetariana"",""emoji"":""🥬"",""nombre"":""Vegetariana""}","GRATUITO","true","true","2","2026-08-02T18:19:30.846388"
"almuerzos-3-guiso-de-huevo","3","Huevos guisados con tomate, garbanzos y verduras","almuerzos","Almuerzos","Huevos cocidos suavemente en salsa casera de tomate, pimiento y garbanzos.","/platos/almuerzo-corregido-03-huevos-guisados-con-tomate-garbanzos-y-verduras.webp","25","Fácil","2","{""kcal"":419,""carbs"":49.2,""fibra"":12.9,""sodio"":203,""grasas"":14.6,""proteina"":27.9}","[""150 g — Huevo (3 huevos)"",""100 g — Clara (3 claras)"",""240 g — Garbanzo (1½ tazas cocidas)"",""300 g — Tomate (3 tomates medianos)"",""100 g — Cebolla (1 cebolla pequeña)"",""120 g — Pimiento (1 pimiento mediano)"",""5 g — Aceite (1 cucharadita)""]","[""Sofríe cebolla y pimiento con el aceite durante 4 minutos."",""Agrega tomate picado y garbanzos; cocina 8 minutos hasta formar una salsa."",""Haz cavidades, añade huevos y claras, tapa y cocina a fuego bajo hasta que cuajen.""]","[""Almuerzos"",""Receta auditada""]","[""Tapa la sartén y cocina a fuego bajo para controlar el punto de las yemas."",""Usa garbanzos cocidos sin sal o enjuaga muy bien los envasados.""]","{""id"":""huevo"",""emoji"":""🥚"",""nombre"":""Huevo""}","GRATUITO","true","true","3","2026-08-02T18:19:30.342872"
"snacks-3-crostinis-salados-de-granola","3","Crostinis de plátano verde y linaza","snacks","Snacks","Crostinis de plátano verde y linaza, reformulada con cantidades prácticas y grasa medida.","/platos/snacks-3-crostinis-salados-de-granola.webp","15","Fácil","4","{""kcal"":180.6,""carbs"":23.3,""fibra"":5.6,""sodio"":5.5,""grasas"":7.6,""proteina"":4.7}","[""Puré de plátano verde cocido 120 g"",""Harina de linaza 50 g"",""Harina de avena 60 g"",""Aceite de oliva 5 g""]","[""Mezcla el puré con las harinas y el aceite."",""Extiende fino entre dos hojas de papel y corta 12 piezas."",""Hornea a 175 °C durante 20 minutos, volteando a mitad de cocción.""]","[""low carb"",""keto-friendly"",""vegetariana"",""sin gluten"",""picante""]","[""Cada porción equivale a tres crostinis.""]","{""id"":""vegetariana"",""emoji"":""🥬"",""nombre"":""Vegetariana""}","GRATUITO","true","true","3","2026-08-02T18:19:30.342872"
"desayunos-3-pan-casero-sin-gluten","3","Panecillos de avena y quinua sin gluten","desayunos","Desayunos","Dos panecillos tiernos de avena y quinua, acompañados con ricotta.","/platos/desayuno-corregido-03-panecillos-de-avena-y-quinua-sin-gluten.webp","35","Fácil","1","{""kcal"":450,""carbs"":62.5,""fibra"":9.3,""sodio"":481,""grasas"":10.7,""proteina"":29.8}","[""40 g — Avena (½ taza certificada sin gluten)"",""120 g — Quinua (¾ taza cocida)"",""50 g — Huevo (1 huevo)"",""50 g — Clara (aprox. 2 claras pequeñas)"",""60 g — Yogur (¼ taza)"",""60 g — Zanahoria (½ taza rallada)"",""40 g — Ricotta (3 cucharadas)"",""2 g — Polvo de hornear (½ cucharadita)""]","[""Procesa avena, quinua, huevo, clara y yogur."",""Integra la zanahoria y polvo de hornear."",""Hornea dos panecillos 22 minutos a 180 °C y sirve con ricotta.""]","[""Desayunos"",""Receta auditada""]","[""Usa avena certificada si necesitas evitar contaminación con gluten."",""Divide la mezcla en dos moldes iguales para que ambos panecillos se cocinen al mismo tiempo.""]","{""id"":""huevo"",""emoji"":""🥚"",""nombre"":""Huevo""}","GRATUITO","true","true","3","2026-08-02T18:19:30.342872"
"cenas-3-espaguetis-de-calabacin-01","3","Tallarines de zapallito con pavita y tomate","cenas","Cenas","Tallarines de zapallito con pavita y tomate reúne pavita, zapallito italiano y quinua. El plato se prepara mediante sartén y combina una proteína protagonista, vegetales con textura y un acompañamiento medido para formar un plato completo.","/platos/cenas-03-tallarines-de-zapallito-con-pavita-y-tomate.webp","35","Fácil","2","{""kcal"":340,""carbs"":35.3,""fibra"":7.7,""sodio"":111,""grasas"":7.3,""proteina"":37.6}","[""280 g — Pavita (2 filetes medianos)"",""260 g — Quinua (1⅔ tazas cocidas)"",""400 g — Zapallito (2 zapallitos medianos)"",""80 g — Cebolla (⅔ taza picada)"",""5 g — Aceite (1 cucharadita)"",""250 g — Tomate (2 tomates grandes)""]","[""Cocina quinua sin sal añadida y reserva."",""Corta y cocina zapallito hasta que quede tierna pero firme."",""Calienta el aceite medido y cocina la cebolla; añade pavita y ajo y orégano hasta alcanzar cocción completa."",""Integra los vegetales, ajusta la textura con agua si hace falta y sirve con el acompañamiento reservado.""]","[""#cenas"",""#proteina-pavita"",""#tecnica-sart-n"",""#receta-auditada"",""Cenas"",""Receta auditada""]","[""Para Tallarines de zapallito con pavita y tomate, corta zapallito italiano en piezas similares para que se cocine de manera uniforme."",""Al preparar Tallarines de zapallito con pavita y tomate, mide 1 cucharadita de aceite antes de calentar; esa cantidad corresponde a toda la receta.""]","{""id"":""vegetariana"",""emoji"":""🥬"",""nombre"":""Vegetariana""}","GRATUITO","true","true","3","2026-08-02T18:19:30.342872"
"sopas-y-cremas-3-crema-de-castanas","3","Crema fría de castañas de cajú y zanahoria","sopas-y-cremas","Sopas y cremas","Crema fría de zanahoria y castañas de cajú, con una porción moderada de frutos secos y acidez de limón.","/platos/sopas-y-cremas-3-crema-de-castanas.webp","15","Fácil","4","{""kcal"":150,""carbs"":10.2,""fibra"":2.1,""sodio"":23.6,""grasas"":10.4,""proteina"":3.9}","[""Castañas de cajú sin sal 80 g (1/2 taza)"",""Zanahoria cocida y fría 200 g (2 unidades medianas)"",""Ajo 3 g (1 diente pequeño)"",""Jugo de limón 30 ml (2 cucharadas)"",""Agua fría 500 ml (2 tazas)"",""Pimienta al gusto"",""Sal opcional, máximo 1/8 cucharadita""]","[""Cubre las castañas de cajú con agua y déjalas hidratar 4 horas en refrigeración. Escurre y enjuaga."",""Licúa las castañas con la zanahoria, el ajo, el limón y 400 ml de agua."",""Añade el agua restante poco a poco hasta lograr una textura ligera."",""Refrigera 30 minutos y sirve fría.""]","[""sopas y cremas"",""sin azúcar añadida""]","[""El remojo debe realizarse en refrigeración para mantener la preparación segura."",""No añadas aceite: las castañas de cajú ya aportan la cremosidad necesaria.""]","{""id"":""vegetariana"",""emoji"":""🥬"",""nombre"":""Vegetariana""}","GRATUITO","true","true","3","2026-08-02T18:19:30.846388"
"ensaladas-3-ensalada-de-calabacin-y-pollo","3","Ensalada de zapallito italiano y pollo","ensaladas","Ensaladas","Ensalada de zapallito italiano y pollo con ingredientes medidos y aliño equilibrado.","/platos/ensaladas-3-ensalada-de-calabacin-y-pollo.webp","20","Fácil","4","{""kcal"":240.3,""carbs"":6.8,""fibra"":2.3,""sodio"":125.8,""grasas"":8.1,""proteina"":35.1}","[""Pechuga de pollo cocida 400 g"",""Zapallito italiano 400 g"",""Tomate 200 g"",""Rúcula 80 g"",""Menta fresca 10 g"",""Queso fresco 40 g"",""Aceite de oliva 10 g"",""Jugo de limón 30 g""]","[""Dora el zapallito en una sartén antiadherente y deja entibiar."",""Corta el pollo y el tomate en porciones similares."",""Mezcla todo con limón, aceite medido, rúcula y menta; termina con queso fresco.""]","[""low carb"",""keto-friendly"",""sin gluten"",""picante"",""sin horno"",""alto en proteína""]","[""Agrega la rúcula al final para conservar su textura.""]","{""id"":""pollo"",""emoji"":""🍗"",""nombre"":""Pollo""}","GRATUITO","true","true","3","2026-08-02T18:19:30.342872"
"bebidas-3-jugo-detox-con-pimiento-rojo","3","Jugo de tomate, pimiento y limón","bebidas","Bebidas","Bebida licuada de tomate y pimiento con limón, ligera y de sabor fresco.","/platos/bebidas-03-jugo-de-tomate-pimiento-y-limon.webp","8","Fácil","1","{""kcal"":61,""carbs"":13.9,""fibra"":4,""sodio"":0,""grasas"":0.7,""proteina"":2.7}","[""Tomate: 2 tomates medianos"",""Pimiento: ½ pimiento"",""Limon: 2 cucharadas"",""Agua: ⅔ taza"",""Hielo: 4 cubos""]","[""Lava y corta el tomate y el pimiento."",""Licúa tomate, pimiento, limón, agua y hielo durante 45 segundos."",""Sirve sin colar para conservar la pulpa.""]","[""#bebidas"",""#refrescante"",""#sin-azucar-anadida"",""#receta-auditada""]","[""Retira las semillas del pimiento si deseas una textura más suave."",""No es necesario añadir aceite ni aderezo; el limón aporta el contraste final.""]","{""id"":""vegetariana"",""emoji"":""🌱"",""nombre"":""Vegetariana""}","GRATUITO","true","true","3","2026-08-02T18:19:31.03302"
"meriendas-3-muffin-de-atun-con-crema-de-ricotta","3","Muffins salados de atún, zanahoria y ajo","meriendas","Meriendas","Muffins salados de atún, zanahoria y ajo, reformulada con cantidades prácticas y grasa medida.","/platos/meriendas-3-muffin-de-atun-con-crema-de-ricotta.webp","25","Intermedio","3","{""kcal"":205.3,""carbs"":18.2,""fibra"":3.1,""sodio"":206,""grasas"":6.2,""proteina"":19.3}","[""Huevos 100 g"",""Harina de avena 60 g"",""Atún al natural escurrido 120 g"",""Zanahoria rallada 80 g"",""Tomate sin semillas 80 g"",""Ricotta 45 g"",""Ajo 3 g""]","[""Mezcla huevos, ricotta y ajo."",""Incorpora avena, atún, zanahoria y tomate."",""Distribuye en seis cavidades y hornea a 180 °C durante 18 a 20 minutos.""]","[""low carb"",""keto-friendly"",""sin gluten""]","[""Cada porción equivale a dos muffins.""]","{""id"":""pescado"",""emoji"":""🐟"",""nombre"":""Pescado""}","GRATUITO","true","true","3","2026-08-02T18:19:30.342872"
"postres-3-mousse-de-cacao","3","Mousse de cacao, palta y chía","postres","Postres","Mousse fría de cacao y palta con chía y yogur natural.","/platos/postres-3-mousse-de-cacao.webp","10","Fácil","4","{""kcal"":156.6,""carbs"":12.3,""fibra"":7.4,""sodio"":26.6,""grasas"":9.8,""proteina"":4.8}","[""Pulpa de palta 200 g"",""Cacao sin azúcar 25 g"",""Chía 20 g (2 cucharadas)"",""Yogur natural descremado 120 g"",""Eritritol 20 g o estevia equivalente"",""Agua 40 a 80 ml"",""Vainilla 2 ml""]","[""Licúa palta, cacao, yogur, edulcorante y vainilla."",""Añade agua gradualmente hasta obtener una crema."",""Incorpora la chía y mezcla."",""Distribuye en cuatro vasos y refrigera 2 horas.""]","[""postres"",""sin azúcar añadida""]","[""No uses miel ni agave: modificarían el contenido de azúcar."",""Cubre los vasos durante la refrigeración para evitar oxidación.""]","{""id"":""vegetariana"",""emoji"":""🥬"",""nombre"":""Vegetariana""}","GRATUITO","true","true","3","2026-08-02T18:19:30.342872"
"almuerzos-4-tarta-de-harina-de-almendra","4","Tarta integral de atún y verduras","almuerzos","Almuerzos","Tarta de masa integral fina con atún, tomate y cebolla, terminada con queso reducido en grasa.","/platos/almuerzo-corregido-04-tarta-integral-de-atun-y-verduras.webp","45","Intermedio","2","{""kcal"":524,""carbs"":50.3,""fibra"":7.5,""sodio"":151,""grasas"":14.6,""proteina"":51.9}","[""80 g — Harina Integral (⅔ taza)"",""30 g — Avena (⅓ taza molida)"",""10 g — Aceite (2 cucharaditas)"",""80 g — Leche (⅓ taza)"",""260 g — Atun (2 latas escurridas)"",""100 g — Huevo (2 huevos)"",""180 g — Tomate (2 tomates)"",""80 g — Cebolla (⅔ taza)"",""30 g — Queso (2 cucharadas)""]","[""Mezcla harina, avena, aceite y leche hasta obtener una masa; extiéndela en una tartera."",""Hornea la base 10 minutos a 180 °C."",""Combina atún, huevo, tomate y cebolla; distribuye sobre la base."",""Añade queso y hornea 25 minutos.""]","[""Almuerzos"",""Receta auditada""]","[""Escurre el atún y el tomate antes de preparar el relleno."",""Estira la masa en una capa delgada; una base gruesa necesita más tiempo y puede quedar cruda.""]","{""id"":""huevo"",""emoji"":""🥚"",""nombre"":""Huevo""}","GRATUITO","true","true","4","2026-08-02T18:19:30.342872"
"meriendas-4-muffin-de-tortilla-con-pimientos","4","Muffins de huevo y pimiento","meriendas","Meriendas","Muffins de huevo y pimiento, reformulada con cantidades prácticas y grasa medida.","/platos/meriendas-4-muffin-de-tortilla-con-pimientos.webp","15","Fácil","3","{""kcal"":141.5,""carbs"":4.5,""fibra"":1.3,""sodio"":240.6,""grasas"":8.5,""proteina"":11.8}","[""Huevos 180 g"",""Pimiento rojo 180 g"",""Parmesano 30 g"",""Albahaca 10 g""]","[""Pica el pimiento y cocínalo tres minutos en sartén antiadherente."",""Bate los huevos y mezcla con pimiento, parmesano y albahaca."",""Hornea seis muffins a 180 °C durante 15 minutos.""]","[""low carb"",""keto-friendly"",""sin gluten""]","[""Deja reposar cinco minutos antes de desmoldar.""]","{""id"":""res"",""emoji"":""🥩"",""nombre"":""Res""}","GRATUITO","true","true","4","2026-08-02T18:19:30.342872"
"desayunos-4-pan-01","4","Pan de avena, ricotta y queso ligero","desayunos","Desayunos","Panecillo salado de avena y ricotta con queso fresco, pimiento y zanahoria.","/platos/desayuno-corregido-04-pan-de-avena-ricotta-y-queso-ligero.webp","35","Fácil","1","{""kcal"":423,""carbs"":48.3,""fibra"":6.4,""sodio"":524,""grasas"":12.2,""proteina"":34.6}","[""45 g — Avena (½ taza)"",""80 g — Ricotta (⅓ taza)"",""50 g — Huevo (1 huevo)"",""50 g — Clara (aprox. 2 claras pequeñas)"",""50 g — Yogur (3 cucharadas)"",""15 g — Queso (1 cucharada)"",""60 g — Zanahoria (½ taza rallada)"",""2 g — Polvo de hornear (½ cucharadita)""]","[""Mezcla avena, ricotta, huevo, clara y yogur."",""Añade zanahoria, queso y polvo de hornear."",""Hornea en molde pequeño 25 minutos a 180 °C.""]","[""Desayunos"",""Receta auditada""]","[""Deja entibiar antes de cortar para conservar la miga."",""Escurre bien la zanahoria rallada si libera mucha agua para conservar una miga firme.""]","{""id"":""huevo"",""emoji"":""🥚"",""nombre"":""Huevo""}","GRATUITO","true","true","4","2026-08-02T18:19:30.342872"
"bebidas-4-te-verde-frio-con-mandarina-y-menta","4","Té verde frío con mandarina y menta","bebidas","Bebidas","Té verde frío con mandarina fresca y hojas de menta, sin azúcar añadida.","/platos/bebidas-04-te-verde-frio-con-mandarina-y-menta.webp","12","Fácil","1","{""kcal"":48,""carbs"":11.7,""fibra"":1.8,""sodio"":0,""grasas"":0.3,""proteina"":0.8}","[""Te Verde: 1¼ tazas"",""Mandarina: 1 mandarina pequeña"",""Menta: 10 hojas"",""Hielo: 5 cubos""]","[""Infusiona el té verde durante 3 minutos y retira las hojas o la bolsita."",""Deja enfriar completamente."",""Presiona suavemente la menta y dos gajos de mandarina en el vaso."",""Añade el té, los gajos restantes y el hielo.""]","[""#bebidas"",""#infusion"",""#sin-azucar-anadida"",""#receta-auditada""]","[""No prolongues la infusión: el té verde puede volverse amargo."",""Añade el hielo solo cuando el té esté frío para no diluirlo en exceso.""]","{""id"":""vegetariana"",""emoji"":""🌱"",""nombre"":""Vegetariana""}","GRATUITO","true","true","4","2026-08-02T18:19:31.03302"
"ensaladas-4-ensalada-de-pollo","4","Ensalada cremosa de pollo, ricotta y apio","ensaladas","Ensaladas","Ensalada cremosa de pollo, ricotta y apio con ingredientes medidos y aliño equilibrado.","/platos/ensaladas-4-ensalada-de-pollo.webp","15","Fácil","4","{""kcal"":225.1,""carbs"":2.8,""fibra"":0.6,""sodio"":176.2,""grasas"":8.3,""proteina"":34.8}","[""Pechuga de pollo cocida y desmenuzada 400 g"",""Ricotta 120 g"",""Mayonesa ligera 30 g"",""Apio picado 100 g"",""Cebollín 30 g""]","[""Mezcla la ricotta con la mayonesa ligera hasta obtener una crema."",""Añade el pollo, el apio y el cebollín."",""Refrigera 20 minutos antes de servir.""]","[""low carb"",""keto-friendly"",""sin gluten"",""picante"",""rápida"",""sin horno"",""alto en proteína""]","[""No añadas aceite: la ricotta y la mayonesa medida aportan suficiente cremosidad.""]","{""id"":""pollo"",""emoji"":""🍗"",""nombre"":""Pollo""}","GRATUITO","true","true","4","2026-08-02T18:19:30.342872"
"snacks-4-pan-con-queso","4","Panecillos individuales de ricotta","snacks","Snacks","Panecillos individuales de ricotta, reformulada con cantidades prácticas y grasa medida.","/platos/snacks-4-pan-con-queso.webp","15","Fácil","2","{""kcal"":207.7,""carbs"":18.9,""fibra"":2.5,""sodio"":108.5,""grasas"":8.8,""proteina"":13.2}","[""Ricotta 120 g"",""Huevo 50 g"",""Harina de avena 50 g""]","[""Mezcla todos los ingredientes."",""Divide en cuatro moldes pequeños."",""Hornea a 180 °C durante 15 a 18 minutos.""]","[""low carb"",""keto-friendly"",""sin gluten"",""rápida"",""sin horno""]","[""Cada porción equivale a dos panecillos.""]","{""id"":""huevo"",""emoji"":""🥚"",""nombre"":""Huevo""}","GRATUITO","true","true","4","2026-08-02T18:19:30.342872"
"sopas-y-cremas-4-crema-de-tofu","4","Crema fría de tofu, espinaca y hierbas","sopas-y-cremas","Sopas y cremas","Crema fría de tofu y hojas verdes, de textura ligera y con aceite medido.","/platos/sopas-y-cremas-4-crema-de-tofu.webp","15","Fácil","4","{""kcal"":132.4,""carbs"":4.3,""fibra"":1.4,""sodio"":30.5,""grasas"":8.8,""proteina"":9}","[""Tofu firme escurrido 300 g"",""Espinaca 100 g (3 tazas)"",""Perejil y albahaca frescos 30 g (1 taza, sin comprimir)"",""Jugo de limón 40 ml"",""Ajo 3 g (1 diente pequeño)"",""Aceite vegetal u oliva 5 ml (1 cucharadita)"",""Agua fría 300 a 400 ml"",""Pimienta al gusto"",""Sal opcional, máximo 1/8 cucharadita""]","[""Blanquea la espinaca 30 segundos, enfríala en agua helada y escúrrela bien."",""Licúa el tofu, la espinaca, las hierbas, el limón, el ajo, el aceite y 300 ml de agua."",""Añade agua hasta obtener una crema ligera y uniforme."",""Refrigera 30 minutos antes de servir.""]","[""sopas y cremas"",""sin azúcar añadida""]","[""Escurre bien el tofu y la espinaca para evitar una textura aguada."",""Añade el agua gradualmente; el tofu espesa la crema al reposar.""]","{""id"":""vegetariana"",""emoji"":""🥬"",""nombre"":""Vegetariana""}","GRATUITO","true","true","4","2026-08-02T18:19:30.846388"
"cenas-4-espaguetis-de-calabacin-02","4","Tallarines frescos de zapallito con atún y salsa napolitana","cenas","Cenas","Tallarines frescos de zapallito con atún y salsa napolitana reúne atun, zapallito italiano y garbanzo. El plato se prepara mediante sartén y combina una proteína protagonista, vegetales con textura y un acompañamiento medido para formar un plato completo.","/platos/cenas-04-tallarines-frescos-de-zapallito-con-atun-y-salsa-napolitana.webp","35","Fácil","2","{""kcal"":377,""carbs"":38.8,""fibra"":10.9,""sodio"":96,""grasas"":6.6,""proteina"":44.3}","[""260 g — Atun (2 latas pequeñas escurridas)"",""180 g — Garbanzo (1 taza cocida)"",""400 g — Zapallito (2 zapallitos medianos)"",""80 g — Cebolla (⅔ taza picada)"",""5 g — Aceite (1 cucharadita)"",""250 g — Tomate (2 tomates grandes)""]","[""Cocina garbanzo sin sal añadida y reserva."",""Corta y cocina zapallito hasta que quede tierna pero firme."",""Calienta el aceite medido y cocina la cebolla; añade atun y ajo y orégano hasta alcanzar cocción completa."",""Integra los vegetales, ajusta la textura con agua si hace falta y sirve con el acompañamiento reservado.""]","[""#cenas"",""#proteina-atun"",""#tecnica-sart-n"",""#receta-auditada"",""Cenas"",""Receta auditada""]","[""Para Tallarines frescos de zapallito con atún y salsa napolitana, corta zapallito italiano en piezas similares para que se cocine de manera uniforme."",""Al preparar Tallarines frescos de zapallito con atún y salsa napolitana, mide 1 cucharadita de aceite antes de calentar; esa cantidad corresponde a toda la receta.""]","{""id"":""vegetariana"",""emoji"":""🥬"",""nombre"":""Vegetariana""}","GRATUITO","true","true","4","2026-08-02T18:19:30.342872"
"postres-4-tarta-de-limon-con-ricotta","4","Tarta de limón y ricotta","postres","Postres","Tarta horneada de ricotta y limón con base ligera de almendra y coco.","/platos/postres-4-tarta-de-limon-con-ricotta.webp","60","Fácil","10","{""kcal"":149.5,""carbs"":5.4,""fibra"":1.9,""sodio"":62.6,""grasas"":10.7,""proteina"":7.9}","[""Harina de almendras 100 g"",""Harina de coco 20 g"",""Ricotta parcialmente descremada 300 g"",""Huevos 3 unidades (150 g)"",""Mantequilla sin sal 20 g"",""Jugo de limón 40 ml"",""Ralladura de limón 2 cucharaditas"",""Eritritol 50 g o estevia equivalente"",""Polvo de hornear 5 g"",""Vainilla 5 ml""]","[""Precalienta el horno a 165 °C y forra un molde de 20 cm."",""Mezcla harinas y polvo de hornear."",""Bate ricotta, huevos, mantequilla, limón, vainilla y edulcorante."",""Integra los secos sin batir en exceso."",""Hornea 40 a 45 minutos, enfría y refrigera 2 horas.""]","[""postres"",""sin azúcar añadida""]","[""Rinde diez porciones; la tarta se corta mejor fría."",""No uses dos cucharadas de polvo de hornear: una cucharadita es suficiente.""]","{""id"":""huevo"",""emoji"":""🥚"",""nombre"":""Huevo""}","GRATUITO","true","true","4","2026-08-02T18:19:30.342872"
"snacks-5-queso-kefir","5","Queso fresco de kéfir con hierbas","snacks","Snacks","Queso fresco de kéfir con hierbas, reformulada con cantidades prácticas y grasa medida.","/platos/snacks-5-queso-kefir.webp","10","Fácil","8","{""kcal"":40,""carbs"":1.2,""fibra"":0,""sodio"":31.2,""grasas"":2.5,""proteina"":3.1}","[""Cuajada escurrida de kéfir 250 g""]","[""Escurre el kéfir refrigerado en tela fina durante 12 a 18 horas."",""Mezcla la cuajada con hierbas y un máximo de 1 g de sal."",""Divide en ocho porciones y conserva refrigerado hasta tres días.""]","[""low carb"",""keto-friendly"",""vegetariana"",""sin gluten"",""rápida"",""sin horno""]","[""El rendimiento depende del kéfir; pesa 250 g de cuajada terminada antes de porcionar.""]","{""id"":""queso"",""emoji"":""🧀"",""nombre"":""Queso""}","GRATUITO","true","true","5","2026-08-02T18:19:30.342872"
"cenas-5-crepe-de-pollo","5","Crepes de avena rellenos de pollo y espinaca","cenas","Cenas","Crepes de avena rellenos de pollo y espinaca reúne pollo, espinaca y avena. El plato se prepara mediante sartén y combina una proteína protagonista, vegetales con textura y un acompañamiento medido para formar un plato completo.","/platos/cenas-05-crepes-de-avena-rellenos-de-pollo-y-espinaca.webp","40","Fácil","2","{""kcal"":466,""carbs"":41.3,""fibra"":6.8,""sodio"":305,""grasas"":12.8,""proteina"":53.2}","[""Avena: ¾ taza molida · 80 g"",""Huevo: 1 huevo · 50 g"",""Clara: 3 claras · 100 g"",""Leche: ⅔ taza · 160 g"",""Pollo: 280 g de pollo crudo · 280 g"",""Espinaca: 6 tazas frescas · 180 g"",""Yogur: ⅓ taza · 80 g"",""Aceite: 1 cucharadita · 5 g""]","[""Licúa avena, huevo, claras y leche."",""Cuaja cuatro crepes finos en sartén antiadherente usando el aceite medido."",""Cocina completamente el pollo, añade la espinaca y, fuera del fuego, incorpora el yogur para que no se corte."",""Rellena dos crepes por porción y sirve.""]","[""#cenas"",""#proteina-pollo"",""#tecnica-sart-n"",""#receta-auditada""]","[""Deja reposar la masa 5 minutos para que la avena se hidrate."",""Incorpora el yogur fuera del fuego para evitar que se corte.""]","{""id"":""pollo"",""emoji"":""🍗"",""nombre"":""Pollo""}","GRATUITO","true","true","5","2026-08-02T18:19:30.342872"
"sopas-y-cremas-5-sopa-de-calabaza-y-albahaca","5","Crema de zapallo y albahaca","sopas-y-cremas","Sopas y cremas","Crema casera de zapallo con albahaca fresca, preparada con aceite medido y sin crema de leche.","/platos/sopas-y-cremas-5-sopa-de-calabaza-y-albahaca.webp","35","Fácil","4","{""kcal"":102.1,""carbs"":17.5,""fibra"":1.4,""sodio"":3.3,""grasas"":2.9,""proteina"":1.5}","[""Zapallo criollo pelado en cubos 800 g"",""Cebolla picada 100 g (1 unidad pequeña)"",""Ajo 6 g (2 dientes)"",""Aceite vegetal u oliva 10 ml (2 cucharaditas)"",""Agua o caldo casero sin sal 900 ml"",""Albahaca fresca 20 g (1 taza)"",""Pimienta y nuez moscada al gusto"",""Sal opcional, máximo 1/4 cucharadita para toda la olla""]","[""Calienta el aceite y cocina la cebolla y el ajo 3 minutos."",""Añade el zapallo y el agua o caldo. Cocina tapado 20 minutos."",""Agrega la mitad de la albahaca y licúa."",""Vuelve a la olla, incorpora la albahaca restante y calienta 2 minutos."",""Sazona y sirve.""]","[""sopas y cremas"",""sin azúcar añadida""]","[""Agrega parte de la albahaca después de licuar para conservar su aroma."",""No necesita crema de leche: el zapallo bien cocido aporta una textura cremosa.""]","{""id"":""vegetariana"",""emoji"":""🥬"",""nombre"":""Vegetariana""}","GRATUITO","true","true","5","2026-08-02T18:19:30.846388"
"postres-5-panqueque-dulce-de-chocolate","5","Panqueques de chocolate y avena","postres","Postres","Panqueques de cacao con avena, almendra y huevo.","/platos/postres-5-panqueque-dulce-de-chocolate.webp","15","Fácil","2","{""kcal"":183.4,""carbs"":12.4,""fibra"":4,""sodio"":84.9,""grasas"":9.8,""proteina"":11.4}","[""Huevos 2 unidades (100 g)"",""Harina de almendras 15 g"",""Salvado de avena 20 g"",""Leche descremada 60 ml"",""Cacao sin azúcar 8 g"",""Estevia equivalente a 1 cucharada de azúcar"",""Polvo de hornear 2 g""]","[""Bate todos los ingredientes hasta obtener una masa uniforme."",""Deja reposar 5 minutos."",""Cocina cuatro panqueques pequeños en sartén antiadherente, 2 minutos por lado."",""Sirve dos panqueques por porción.""]","[""meriendas"",""sin azúcar añadida""]","[""Rinde dos porciones de dos panqueques pequeños."",""La sartén antiadherente evita añadir mantequilla o aceite.""]","{""id"":""huevo"",""emoji"":""🥚"",""nombre"":""Huevo""}","GRATUITO","true","true","5","2026-08-02T18:19:30.342872"
"ensaladas-5-ensalada-de-mariscos","5","Ensalada de mariscos con crema de palta","ensaladas","Ensaladas","Ensalada de mariscos con crema de palta con ingredientes medidos y aliño equilibrado.","/platos/ensaladas-5-ensalada-de-mariscos.webp","15","Intermedio","4","{""kcal"":202.5,""carbs"":8.8,""fibra"":3,""sodio"":183.9,""grasas"":10.1,""proteina"":19.2}","[""Mariscos cocidos variados 400 g"",""Palta 150 g"",""Jugo de limón 30 g"",""Aceite de oliva 10 g"",""Ajo 3 g"",""Pepino 200 g""]","[""Enfría completamente los mariscos cocidos."",""Licúa la palta con limón, aceite medido, ajo y dos cucharadas de agua."",""Mezcla los mariscos y el pepino con la crema justo antes de servir.""]","[""low carb"",""keto-friendly"",""sin gluten"",""sin horno""]","[""La palta aporta la base cremosa; no se necesitan cinco cucharadas de aceite.""]","{""id"":""mariscos"",""emoji"":""🦐"",""nombre"":""Mariscos""}","GRATUITO","true","true","5","2026-08-02T18:19:30.342872"
"bebidas-5-zumo-antigripal-de-limon-zanahoria-y-jengibre","5","Refresco de zanahoria, limón y kion","bebidas","Bebidas","Refresco licuado de zanahoria y limón con una cantidad medida de kion.","/platos/bebidas-05-refresco-de-zanahoria-limon-y-kion.webp","8","Fácil","1","{""kcal"":60,""carbs"":14.5,""fibra"":3.5,""sodio"":0,""grasas"":0.3,""proteina"":1.3}","[""Zanahoria: 1 zanahoria grande"",""Limon: 2 cucharadas de jugo"",""Kion: 1 rodaja fina"",""Agua: 1 taza"",""Hielo: 4 cubos""]","[""Lava, pela y corta la zanahoria y el kion."",""Licúa con el agua y el limón durante 60 segundos."",""Añade el hielo y licúa brevemente; sirve sin colar.""]","[""#bebidas"",""#refrescante"",""#sin-azucar-anadida"",""#receta-auditada""]","[""Empieza con la rodaja medida de kion; su sabor aumenta al licuar."",""Conservar la pulpa mantiene la textura y la fibra de la zanahoria.""]","{""id"":""vegetariana"",""emoji"":""🌱"",""nombre"":""Vegetariana""}","GRATUITO","true","true","5","2026-08-02T18:19:31.03302"
"meriendas-5-cupcakes-salados","5","Cupcakes salados de atún y aceitunas","meriendas","Meriendas","Cupcakes salados de atún y aceitunas, reformulada con cantidades prácticas y grasa medida.","/platos/meriendas-5-cupcakes-salados.webp","20","Fácil","3","{""kcal"":228.7,""carbs"":15.5,""fibra"":2.6,""sodio"":318.4,""grasas"":7.9,""proteina"":23.8}","[""Huevos 150 g"",""Yogur natural 60 g"",""Harina de avena 50 g"",""Atún al natural escurrido 160 g"",""Cebolla 40 g"",""Aceitunas 30 g"",""Tomate 100 g""]","[""Bate huevos y yogur; añade la harina."",""Incorpora atún, cebolla, aceitunas y tomate."",""Hornea seis unidades a 180 °C durante 18 minutos.""]","[""low carb"",""keto-friendly"",""sin gluten""]","[""Escurre el atún y el tomate para evitar una miga húmeda.""]","{""id"":""pescado"",""emoji"":""🐟"",""nombre"":""Pescado""}","GRATUITO","true","true","5","2026-08-02T18:19:30.342872"
"desayunos-5-pan-02","5","Pan rápido de avena y ricotta al microondas","desayunos","Desayunos","Pan rápido y esponjoso de avena y ricotta, listo en pocos minutos al microondas.","/platos/desayuno-corregido-05-pan-rapido-de-avena-y-ricotta-al-microondas.webp","8","Fácil","1","{""kcal"":321,""carbs"":40.3,""fibra"":5.1,""sodio"":336,""grasas"":9.8,""proteina"":23.5}","[""35 g — Avena (⅓ taza molida)"",""60 g — Ricotta (¼ taza)"",""50 g — Huevo (1 huevo)"",""60 g — Yogur (¼ taza)"",""120 g — Tomate (1 tomate mediano)"",""2 g — Polvo de hornear (½ cucharadita)""]","[""Mezcla avena, ricotta, huevo, yogur y polvo de hornear."",""Cocina en recipiente apto 2 a 3 minutos, según potencia."",""Desmolda y sirve con tomate en rodajas.""]","[""Desayunos"",""Receta auditada""]","[""El centro debe quedar cocido y firme antes de desmoldar."",""Usa un recipiente ancho apto para microondas; así el pan se cocina de manera uniforme.""]","{""id"":""huevo"",""emoji"":""🥚"",""nombre"":""Huevo""}","GRATUITO","true","true","5","2026-08-02T18:19:30.342872"
"almuerzos-5-pastel-de-brocoli","5","Pastel de brócoli, pollo y papa","almuerzos","Almuerzos","Pastel de papa con relleno de pollo, brócoli y zanahoria ligado con yogur natural.","/platos/almuerzo-corregido-05-pastel-de-brocoli-pollo-y-papa.webp","45","Fácil","2","{""kcal"":454,""carbs"":47.4,""fibra"":5.6,""sodio"":231,""grasas"":9.9,""proteina"":47.7}","[""300 g — Brocoli (3 tazas)"",""260 g — Pollo (2 tazas deshilachadas)"",""300 g — Papa (2 papas medianas cocidas)"",""100 g — Zanahoria (1 taza rallada)"",""100 g — Clara (3 claras)"",""100 g — Yogur (½ taza)"",""70 g — Cebolla (½ taza)"",""25 g — Queso (2 cucharadas)"",""5 g — Aceite (1 cucharadita)""]","[""Precalienta el horno a 180 °C."",""Aplasta la papa y mezcla con las claras; extiende como base."",""Combina brócoli, zanahoria, pollo, cebolla y yogur; coloca sobre la papa."",""Termina con queso y hornea 25 minutos.""]","[""Almuerzos"",""Receta auditada""]","[""Deja que la papa pierda vapor antes de mezclarla con las claras."",""Hornea hasta que el centro esté firme; no necesitas añadir aceite sobre el queso.""]","{""id"":""pollo"",""emoji"":""🍗"",""nombre"":""Pollo""}","GRATUITO","true","true","5","2026-08-02T18:19:30.342872"
"meriendas-6-tostada-francesa-al-curry","6","Tostadas saladas de curry y cúrcuma","meriendas","Meriendas","Tostadas saladas de curry y cúrcuma, reformulada con cantidades prácticas y grasa medida.","/platos/meriendas-6-tostada-francesa-al-curry.webp","15","Fácil","4","{""kcal"":162.3,""carbs"":23.7,""fibra"":3.7,""sodio"":191.1,""grasas"":4,""proteina"":8}","[""Pan integral 160 g"",""Leche semidescremada 120 g"",""Harina de garbanzo 30 g"",""Curry 3 g"",""Cúrcuma 2 g"",""Aceite de oliva 5 g""]","[""Mezcla leche, harina de garbanzo, curry y cúrcuma."",""Pasa cada rebanada por la mezcla sin empaparla."",""Dora en sartén antiadherente pincelada con el aceite medido.""]","[""low carb"",""keto-friendly"",""vegetariana"",""sin gluten"",""rápida"",""sin horno""]","[""La levadura nutricional no es polvo de hornear; se retiró porque no cumple esa función.""]","{""id"":""vegetariana"",""emoji"":""🥬"",""nombre"":""Vegetariana""}","GRATUITO","true","true","6","2026-08-02T18:19:30.342872"
"cenas-6-pizza-con-masa-de-coliflor","6","Pizza de coliflor con pollo y verduras","cenas","Cenas","Pizza de coliflor con pollo y verduras reúne pollo, coliflor y avena. El plato se prepara mediante horno y combina una proteína protagonista, vegetales con textura y un acompañamiento medido para formar un plato completo.","/platos/cenas-06-pizza-de-coliflor-con-pollo-y-verduras.webp","45","Fácil","2","{""kcal"":408,""carbs"":35.2,""fibra"":9.5,""sodio"":320,""grasas"":11.2,""proteina"":50.7}","[""350 g — Coliflor (3½ tazas)"",""50 g — Huevo (1 huevo)"",""100 g — Clara (3 claras)"",""50 g — Avena (½ taza molida)"",""280 g — Pollo (2 filetes medianos)"",""200 g — Tomate (¾ taza de salsa casera)"",""120 g — Pimiento (1 pimiento)"",""40 g — Queso (⅓ taza rallada)""]","[""Cocina la coliflor, tritúrala y exprímela con un paño limpio."",""Mézclala con huevo, claras y avena; forma dos bases finas y hornéalas 18 minutos a 200 °C."",""Cocina el pollo y distribúyelo sobre las bases con tomate y pimiento."",""Añade el queso medido y hornea 10 minutos más.""]","[""#cenas"",""#proteina-pollo"",""#tecnica-horno"",""#receta-auditada"",""Cenas"",""Receta auditada""]","[""Para Pizza de coliflor con pollo y verduras, precalienta el horno y distribuye coliflor en una capa uniforme para lograr una cocción pareja."",""Al servir Pizza de coliflor con pollo y verduras, divide avena en dos porciones iguales para mantener el rendimiento indicado.""]","{""id"":""res"",""emoji"":""🥩"",""nombre"":""Res""}","GRATUITO","true","true","6","2026-08-02T18:19:30.342872"
"snacks-6-pan-crujiente-de-semillas","6","Crackers de semillas y castaña de Brasil","snacks","Snacks","Crackers de semillas y castaña de Brasil, reformulada con cantidades prácticas y grasa medida.","/platos/snacks-6-pan-crujiente-de-semillas.webp","15","Intermedio","10","{""kcal"":100.3,""carbs"":6.3,""fibra"":2.7,""sodio"":1.6,""grasas"":7,""proteina"":3}","[""Chía 40 g"",""Semillas de girasol 40 g"",""Sésamo 30 g"",""Castaña de Brasil molida 30 g"",""Harina de avena 40 g""]","[""Mezcla los ingredientes con 220 ml de agua y reposa 15 minutos."",""Extiende muy fino y marca 20 crackers."",""Hornea a 160 °C durante 35 a 40 minutos, hasta secar.""]","[""low carb"",""keto-friendly"",""vegetariana"",""sin gluten""]","[""Cada porción equivale a dos crackers; el rendimiento evita porciones excesivas de semillas.""]","{""id"":""vegetariana"",""emoji"":""🥬"",""nombre"":""Vegetariana""}","GRATUITO","true","true","6","2026-08-02T18:19:30.342872"
"sopas-y-cremas-6-crema-de-coliflor","6","Crema de coliflor con ajo y parmesano","sopas-y-cremas","Sopas y cremas","Crema de coliflor con ajo cocido y una cantidad moderada de parmesano.","/platos/sopas-y-cremas-6-crema-de-coliflor.webp","25","Fácil","4","{""kcal"":97.7,""carbs"":7.9,""fibra"":3.1,""sodio"":160.3,""grasas"":4.5,""proteina"":6.4}","[""Coliflor en floretes 600 g"",""Ajo 15 g (5 dientes)"",""Queso parmesano rallado 30 g (3 cucharadas rasas)"",""Aceite vegetal u oliva 5 ml (1 cucharadita)"",""Agua 900 ml"",""Cebollín picado 20 g"",""Pimienta y nuez moscada al gusto"",""No añadir sal antes de probar: el parmesano aporta sodio""]","[""Cocina la coliflor y los dientes de ajo pelados en el agua durante 15 minutos."",""Reserva una taza del líquido y licúa la coliflor con el ajo y parte del agua."",""Incorpora el parmesano y el aceite; licúa brevemente."",""Regresa a la olla y ajusta la textura con el líquido reservado."",""Sazona con pimienta y nuez moscada. Sirve con cebollín.""]","[""sopas y cremas"",""sin azúcar añadida""]","[""Añade el parmesano después de retirar la olla del hervor para evitar que se formen grumos."",""Prueba antes de añadir sal porque el queso ya aporta suficiente sabor.""]","{""id"":""queso"",""emoji"":""🧀"",""nombre"":""Queso""}","GRATUITO","true","true","6","2026-08-02T18:19:30.846388"
"bebidas-6-vitamina-de-mora-con-anacardos","6","Batido de mora con castañas de cajú","bebidas","Bebidas","Batido de mora y bebida de soya, cremoso gracias a una cucharada medida de cajú.","/platos/bebidas-06-batido-de-mora-con-castanas-de-caju.webp","8","Fácil","1","{""kcal"":192,""carbs"":17.5,""fibra"":7,""sodio"":0,""grasas"":10.3,""proteina"":9.9}","[""Soya: ¾ taza"",""Caju: 1 cucharada"",""Mora: ¾ taza"",""Hielo: 4 cubos""]","[""Remoja el cajú durante 2 horas y escúrrelo."",""Licúa la bebida de soya con el cajú hasta que quede lisa."",""Añade la mora y el hielo y licúa nuevamente hasta integrar.""]","[""#bebidas"",""#batido"",""#sin-azucar-anadida"",""#receta-auditada""]","[""Usa castañas sin sal y respeta la cucharada indicada."",""Licuar primero el cajú con la bebida de soya evita una textura granulosa.""]","{""id"":""vegetariana"",""emoji"":""🌱"",""nombre"":""Vegetariana""}","GRATUITO","true","true","6","2026-08-02T18:19:31.03302"
"ensaladas-6-ensalada-de-carne-de-res","6","Ensalada de res, champiñones y espárragos","ensaladas","Ensaladas","Ensalada de res, champiñones y espárragos con ingredientes medidos y aliño equilibrado.","/platos/ensaladas-6-ensalada-de-carne-de-res.webp","15","Fácil","3","{""kcal"":284,""carbs"":11.4,""fibra"":4.1,""sodio"":140.5,""grasas"":12.1,""proteina"":32.4}","[""Lomo de res magro 300 g"",""Champiñones 200 g"",""Lechuga romana 180 g"",""Tomate 180 g"",""Espárragos 180 g"",""Pepino 150 g"",""Aceite de oliva 10 g"",""Mostaza 15 g"",""Jugo de limón 30 g""]","[""Cocina la carne al punto deseado, deja reposar y corta en láminas."",""Saltea los champiñones y espárragos en sartén antiadherente."",""Sirve sobre las verduras y aliña con limón, mostaza y aceite medido.""]","[""low carb"",""keto-friendly"",""sin gluten"",""sin horno"",""alto en proteína""]","[""Deja reposar la carne cinco minutos para conservar sus jugos.""]","{""id"":""res"",""emoji"":""🥩"",""nombre"":""Res""}","GRATUITO","true","true","6","2026-08-02T18:19:30.342872"
"desayunos-6-pan-03","6","Pan de plátano, avena y nueces","desayunos","Desayunos","Pan de plátano de miga húmeda, terminado con yogur y una porción medida de nueces.","/platos/desayuno-corregido-06-pan-de-platano-avena-y-nueces.webp","32","Fácil","1","{""kcal"":420,""carbs"":58,""fibra"":7.5,""sodio"":192,""grasas"":13.1,""proteina"":24.6}","[""40 g — Avena (½ taza)"",""80 g — Platano (¾ plátano mediano)"",""50 g — Huevo (1 huevo)"",""50 g — Clara (aprox. 2 claras pequeñas)"",""80 g — Yogur (⅓ taza)"",""10 g — Nueces (1 cucharada)"",""1 g — Canela (¼ cucharadita)""]","[""Aplasta el plátano y mezcla con huevo, clara y yogur."",""Añade avena, nueces, canela y polvo de hornear."",""Hornea 22 minutos a 180 °C.""]","[""Desayunos"",""Receta auditada""]","[""Pica finamente las nueces para distribuirlas en toda la porción."",""Deja entibiar el pan antes de cortarlo para que la miga termine de asentarse.""]","{""id"":""huevo"",""emoji"":""🥚"",""nombre"":""Huevo""}","GRATUITO","true","true","6","2026-08-02T18:19:30.342872"
"postres-6-tortitas-dulces-con-canela","6","Tortitas de linaza y canela","postres","Postres","Tortitas pequeñas de claras, almendra, linaza y canela.","/platos/postres-6-masa-de-tortitas-dulces-con-canela.webp","15","Fácil","2","{""kcal"":145.3,""carbs"":5.5,""fibra"":3,""sodio"":61.8,""grasas"":10.1,""proteina"":8.1}","[""Claras 2 unidades (66 g)"",""Harina de almendras 15 g"",""Linaza molida 15 g"",""Leche descremada 60 ml"",""Canela 1 cucharadita"",""Estevia equivalente a 1 cucharada de azúcar"",""Polvo de hornear 2 g""]","[""Mezcla las claras, la leche y el edulcorante."",""Incorpora almendra, linaza, canela y polvo de hornear."",""Deja reposar 5 minutos."",""Cocina cuatro tortitas pequeñas en sartén antiadherente.""]","[""meriendas"",""sin azúcar añadida""]","[""Rinde dos porciones de dos tortitas."",""La linaza necesita cinco minutos de reposo para hidratarse.""]","{""id"":""vegetariana"",""emoji"":""🥬"",""nombre"":""Vegetariana""}","GRATUITO","true","true","6","2026-08-02T18:19:30.342872"
"almuerzos-6-tortilla-india","6","Omelette hindú con quinua y verduras","almuerzos","Almuerzos","Omelette especiado con espinaca, pimiento y cebolla, acompañado de quinua cocida.","/platos/almuerzo-corregido-06-omelette-hindu-con-quinua-y-verduras.webp","25","Fácil","2","{""kcal"":322,""carbs"":36.5,""fibra"":7.8,""sodio"":256,""grasas"":11.2,""proteina"":22.7}","[""100 g — Huevo (2 huevos)"",""150 g — Clara (4 a 5 claras)"",""300 g — Quinua (2 tazas cocidas)"",""120 g — Pimiento (1 pimiento)"",""100 g — Cebolla (1 cebolla pequeña)"",""120 g — Espinaca (4 tazas frescas)"",""5 g — Aceite (1 cucharadita)""]","[""Saltea cebolla, pimiento y espinaca con la mitad del aceite y condimenta con cúrcuma y comino."",""Bate huevos y claras; incorpora la mitad de las verduras."",""Cuaja dos omelettes en sartén antiadherente y sirve con quinua y las verduras restantes.""]","[""Almuerzos"",""Receta auditada""]","[""Divide la mezcla en dos omelettes para voltearlos con facilidad."",""Mantén el fuego medio-bajo para evitar que la superficie se reseque.""]","{""id"":""res"",""emoji"":""🥩"",""nombre"":""Res""}","GRATUITO","true","true","6","2026-08-02T18:19:30.342872"
"cenas-7-arroz-de-coliflor-con-mantequilla","7","Arroz de coliflor con pollo al limón","cenas","Cenas","Arroz de coliflor con pollo al limón reúne pollo, coliflor y camote. El plato se prepara mediante sartén y combina una proteína protagonista, vegetales con textura y un acompañamiento medido para formar un plato completo.","/platos/cenas-07-arroz-de-coliflor-con-pollo-al-limon.webp","35","Fácil","2","{""kcal"":357,""carbs"":40.8,""fibra"":9.4,""sodio"":200,""grasas"":8.1,""proteina"":36.6}","[""280 g — Pollo (2 filetes medianos)"",""300 g — Camote (2 camotes pequeños)"",""350 g — Coliflor (3½ tazas)"",""80 g — Cebolla (⅔ taza picada)"",""5 g — Aceite (1 cucharadita)""]","[""Cocina camote sin sal añadida y reserva."",""Corta y cocina coliflor hasta que quede tierna pero firme."",""Calienta el aceite medido y cocina la cebolla; añade pollo y limón, ajo y pimienta hasta alcanzar cocción completa."",""Integra los vegetales, ajusta la textura con agua si hace falta y sirve con el acompañamiento reservado.""]","[""#cenas"",""#proteina-pollo"",""#tecnica-sart-n"",""#receta-auditada"",""Cenas"",""Receta auditada""]","[""Para Arroz de coliflor con pollo al limón, corta coliflor en piezas similares para que se cocine de manera uniforme."",""Al preparar Arroz de coliflor con pollo al limón, mide 1 cucharadita de aceite antes de calentar; esa cantidad corresponde a toda la receta.""]","{""id"":""vegetariana"",""emoji"":""🥬"",""nombre"":""Vegetariana""}","GRATUITO","true","true","7","2026-08-02T18:19:30.342872"
"almuerzos-7-canoas-de-calabacin","7","Canoas de zapallito con carne magra y quinua","almuerzos","Almuerzos","Zapallitos horneados rellenos de carne magra, quinua, tomate y ricotta.","/platos/almuerzos-07-canoas-de-zapallito-con-carne-magra-y-quinua.webp","45","Fácil","2","{""kcal"":434,""carbs"":35.5,""fibra"":7.5,""sodio"":281,""grasas"":16.8,""proteina"":37.7}","[""Zapallito: 3 zapallitos medianos · 500 g"",""Res: 240 g de carne molida magra cruda (2 porciones de 120 g) · 240 g"",""Quinua: 1½ tazas cocidas · 240 g"",""Tomate: 2 tomates · 180 g"",""Cebolla: ⅔ taza · 80 g"",""Ricotta: ¼ taza · 60 g"",""Queso: 1½ cucharadas · 20 g"",""Aceite: 1 cucharadita · 5 g""]","[""Parte los zapallitos a lo largo, retira parte de la pulpa y pícala; conserva un borde para que las canoas mantengan la forma."",""Calienta la cucharadita de aceite, cocina la cebolla y añade la carne molida; incorpora tomate y pulpa y cocina completamente."",""Mezcla el relleno con la quinua y la ricotta, distribúyelo en las canoas y termina con el queso medido."",""Hornea durante 25 minutos a 190 °C y deja reposar 5 minutos antes de servir.""]","[""low carb"",""keto-friendly"",""sin gluten"",""alto en proteína""]","[""Pica la pulpa retirada y úsala en el relleno."",""Deja reposar 5 minutos antes de servir para que el relleno se asiente.""]","{""id"":""res"",""emoji"":""🥩"",""nombre"":""Res""}","GRATUITO","true","true","7","2026-08-02T18:19:30.342872"
"bebidas-7-batido-de-fresa-y-acai","7","Batido de fresa y açaí con yogur","bebidas","Bebidas","Batido frío de fresa y pulpa de açaí sin azúcar añadida, con yogur natural.","/platos/bebidas-07-batido-de-fresa-y-acai-con-yogur.webp","8","Fácil","1","{""kcal"":216,""carbs"":30.9,""fibra"":4.4,""sodio"":0,""grasas"":5.1,""proteina"":13.7}","[""Yogur: ⅔ taza"",""Fresa: 1 taza"",""Acai: ½ taza de pulpa"",""Leche: ⅓ taza"",""Hielo: 4 cubos""]","[""Comprueba que la pulpa de açaí no tenga azúcar añadida."",""Licúa el yogur, la leche, la fresa y el açaí."",""Añade el hielo y licúa brevemente hasta obtener una textura uniforme.""]","[""#bebidas"",""#batido"",""#sin-azucar-anadida"",""#receta-auditada""]","[""Descongela ligeramente el açaí para proteger las cuchillas de la licuadora."",""No añadas jarabes: la fresa aporta el sabor frutal necesario.""]","{""id"":""vegetariana"",""emoji"":""🌱"",""nombre"":""Vegetariana""}","GRATUITO","true","true","7","2026-08-02T18:19:31.03302"
"meriendas-7-panini-sin-gluten","7","Pan plano sin gluten para sándwich","meriendas","Meriendas","Pan plano sin gluten para sándwich, reformulada con cantidades prácticas y grasa medida.","/platos/meriendas-7-panini-sin-gluten.webp","15","Fácil","4","{""kcal"":168.4,""carbs"":14.7,""fibra"":2,""sodio"":109.3,""grasas"":7.4,""proteina"":10.8}","[""Huevos 100 g"",""Ricotta 100 g"",""Harina de avena certificada sin gluten 80 g"",""Mozzarella 40 g""]","[""Bate huevos y ricotta."",""Añade avena y mozzarella."",""Extiende en una bandeja pequeña y hornea a 180 °C durante 18 minutos; corta en cuatro porciones.""]","[""low carb"",""keto-friendly"",""sin gluten""]","[""Verifica que la avena indique certificación sin gluten si es necesaria.""]","{""id"":""huevo"",""emoji"":""🥚"",""nombre"":""Huevo""}","GRATUITO","true","true","7","2026-08-02T18:19:30.342872"
"postres-7-bocadillo-de-mani-barritas-de-cacahuate","7","Barritas de maní y avena","postres","Postres","Barritas refrigeradas de maní y avena con vainilla.","/platos/postres-7-bocadillo-de-mani-barritas-de-mani.webp","15","Fácil","16","{""kcal"":106.2,""carbs"":6.3,""fibra"":1.5,""sodio"":0.9,""grasas"":7.4,""proteina"":3.6}","[""Maní tostado sin sal 200 g"",""Avena molida 80 g"",""Aceite de coco 15 g (1 cucharada)"",""Eritritol en polvo 30 g o estevia equivalente"",""Agua 60 a 100 ml"",""Vainilla 5 ml"",""Canela y pizca de sal opcional""]","[""Procesa el maní hasta obtener una miga fina."",""Añade avena, aceite, vainilla y edulcorante."",""Agrega agua poco a poco hasta formar una masa moldeable."",""Presiona en un molde de 16 cm y refrigera 1 hora."",""Corta en 16 barritas.""]","[""postres"",""sin azúcar añadida""]","[""Cada porción es una barrita pequeña."",""Añade agua gradualmente para no convertir la mezcla en pasta blanda.""]","{""id"":""vegetariana"",""emoji"":""🌱"",""nombre"":""Vegetariana""}","GRATUITO","true","true","7","2026-08-02T18:19:31.03302"
"sopas-y-cremas-7-sopa-de-frijoles-y-col","7","Sopa de col, cerdo magro y tocino medido","sopas-y-cremas","Sopas y cremas","Sopa de col y coliflor con cerdo magro y una pequeña cantidad de tocino para conservar el sabor ahumado.","/platos/sopas-y-cremas-7-sopa-de-frijoles-y-col.webp","35","Fácil","4","{""kcal"":144.1,""carbs"":8.3,""fibra"":3.1,""sodio"":151.7,""grasas"":6.1,""proteina"":14}","[""Coliflor en floretes 300 g"",""Col crespa o repollo en tiras 250 g"",""Lomo de cerdo magro en cubos 200 g"",""Tocino 20 g (2 cucharadas picado)"",""Cebolla picada 80 g"",""Ajo 6 g (2 dientes)"",""Agua 1.2 litros"",""Comino y pimienta al gusto"",""Sal opcional, máximo 1/8 cucharadita""]","[""Dora el tocino en una olla sin añadir aceite. Retira el exceso de grasa visible con papel absorbente."",""Añade el cerdo, la cebolla y el ajo; cocina 5 minutos."",""Incorpora la coliflor y el agua. Cocina 15 minutos."",""Licúa solo la mitad de la coliflor con un poco del caldo y devuélvela a la olla."",""Agrega la col y cocina 5 minutos más. Sazona y sirve.""]","[""sopas y cremas"",""sin azúcar añadida""]","[""El tocino se usa como condimento: 5 g por porción son suficientes para aportar sabor."",""Retira toda la grasa visible del lomo antes de cortarlo.""]","{""id"":""res"",""emoji"":""🥩"",""nombre"":""Res""}","GRATUITO","true","true","7","2026-08-02T18:19:30.846388"
"snacks-7-focaccia","7","Focaccia de avena y cajú con romero","snacks","Snacks","Focaccia de avena y cajú con romero, reformulada con cantidades prácticas y grasa medida.","/platos/snacks-7-focaccia.webp","20","Intermedio","6","{""kcal"":182.1,""carbs"":20,""fibra"":2.7,""sodio"":34.5,""grasas"":8.1,""proteina"":7.3}","[""Huevos 100 g"",""Harina de avena 150 g"",""Harina de cajú 40 g"",""Leche semidescremada 120 g"",""Aceite de oliva 10 g""]","[""Mezcla huevos, leche y aceite."",""Incorpora las harinas y una cucharadita de polvo de hornear."",""Extiende en molde pequeño, añade romero y hornea a 180 °C durante 22 minutos; corta seis porciones.""]","[""low carb"",""keto-friendly"",""sin gluten"",""alto en proteína""]","[""Mide el aceite y evita añadirlo sobre la superficie después del horneado.""]","{""id"":""huevo"",""emoji"":""🥚"",""nombre"":""Huevo""}","GRATUITO","true","true","7","2026-08-02T18:19:30.342872"
"desayunos-7-crepioca","7","Crepioca de espinaca, tomate y queso fresco","desayunos","Desayunos","Crepioca flexible rellena de espinaca, tomate y queso fresco, acompañada con yogur.","/platos/desayuno-corregido-07-crepioca-de-espinaca-tomate-y-queso-fresco.webp","20","Fácil","1","{""kcal"":359,""carbs"":44.4,""fibra"":4.3,""sodio"":370,""grasas"":9.4,""proteina"":29.7}","[""30 g — Tapioca (2 cucharadas)"",""50 g — Huevo (1 huevo)"",""80 g — Clara (aprox. 3 claras pequeñas)"",""25 g — Queso (1 tajada delgada)"",""100 g — Espinaca (3 tazas)"",""100 g — Tomate (1 tomate pequeño)"",""80 g — Yogur (⅓ taza)""]","[""Mezcla tapioca, huevo y claras."",""Cuaja en sartén antiadherente."",""Rellena con espinaca, tomate y queso; sirve con yogur.""]","[""Desayunos"",""Receta auditada""]","[""Escurre el tomate para que la crepioca no se humedezca."",""Escurre el tomate antes de rellenar para que la crepioca conserve su elasticidad.""]","{""id"":""huevo"",""emoji"":""🥚"",""nombre"":""Huevo""}","GRATUITO","true","true","7","2026-08-02T18:19:30.342872"
"ensaladas-7-ensalada-sencilla","7","Ensalada sencilla de tomate y semillas","ensaladas","Ensaladas","Ensalada sencilla de tomate y semillas con ingredientes medidos y aliño equilibrado.","/platos/ensaladas-7-ensalada-sencilla.webp","10","Fácil","2","{""kcal"":81.7,""carbs"":7.7,""fibra"":2.8,""sodio"":22.6,""grasas"":4.2,""proteina"":3.3}","[""Tomates cherry 200 g"",""Lechuga 120 g"",""Semillas de girasol 15 g"",""Vinagre balsámico 15 g""]","[""Lava y seca bien las hojas."",""Corta los tomates y mezcla con la lechuga."",""Añade vinagre y semillas justo antes de servir.""]","[""low carb"",""keto-friendly"",""vegetariana"",""sin gluten"",""rápida"",""sin horno""]","[""Tuesta las semillas en seco para potenciar el sabor sin añadir aceite.""]","{""id"":""vegetariana"",""emoji"":""🥬"",""nombre"":""Vegetariana""}","GRATUITO","true","true","7","2026-08-02T18:19:30.342872"
"desayunos-8-panqueques","8","Panqueques de avena, plátano y yogur","desayunos","Desayunos","Panqueques suaves de avena y plátano con yogur y fresas al servir.","/platos/desayuno-corregido-08-panqueques-de-avena-platano-y-yogur.webp","20","Fácil","1","{""kcal"":369,""carbs"":62.4,""fibra"":7.9,""sodio"":118,""grasas"":7.8,""proteina"":18.8}","[""40 g — Avena (½ taza)"",""80 g — Platano (¾ plátano)"",""50 g — Huevo (1 huevo)"",""100 g — Yogur (½ taza)"",""80 g — Fresa (¾ taza)""]","[""Licúa avena, plátano, huevo y la mitad del yogur."",""Cocina tres panqueques pequeños en sartén antiadherente."",""Sirve con el yogur restante y fresas.""]","[""Desayunos"",""Receta auditada""]","[""Voltea cuando aparezcan burbujas y los bordes estén firmes."",""Cocina los panqueques a fuego medio-bajo y voltéalos cuando aparezcan burbujas.""]","{""id"":""huevo"",""emoji"":""🥚"",""nombre"":""Huevo""}","GRATUITO","true","true","8","2026-08-02T18:19:30.342872"
"meriendas-8-muffin-de-legumbres","8","Muffins de zapallito, zanahoria y atún","meriendas","Meriendas","Muffins de zapallito, zanahoria y atún, reformulada con cantidades prácticas y grasa medida.","/platos/meriendas-8-muffin-de-legumbres.webp","15","Fácil","4","{""kcal"":190.7,""carbs"":6.6,""fibra"":1.5,""sodio"":353.8,""grasas"":8.5,""proteina"":21.9}","[""Huevos 150 g"",""Ricotta 120 g"",""Parmesano 30 g"",""Zapallito italiano 200 g"",""Zanahoria 150 g"",""Atún al natural escurrido 160 g""]","[""Exprime el zapallito rallado."",""Mezcla todos los ingredientes."",""Hornea ocho muffins a 180 °C durante 20 minutos.""]","[""low carb"",""keto-friendly"",""sin gluten"",""alto en proteína""]","[""Cada porción equivale a dos muffins; enfría antes de guardar.""]","{""id"":""pescado"",""emoji"":""🐟"",""nombre"":""Pescado""}","GRATUITO","true","true","8","2026-08-02T18:19:30.342872"
"ensaladas-8-ensalada-de-tomate","8","Ensalada de tomate y cebolla morada","ensaladas","Ensaladas","Ensalada de tomate y cebolla morada con ingredientes medidos y aliño equilibrado.","/platos/ensaladas-8-ensalada-de-tomate.webp","15","Fácil","4","{""kcal"":62.5,""carbs"":7.7,""fibra"":2.1,""sodio"":8.4,""grasas"":2.8,""proteina"":1.6}","[""Tomates cherry 500 g"",""Cebolla morada 100 g"",""Cebollín 30 g"",""Aceite de oliva 10 g""]","[""Corta la cebolla y déjala 10 minutos en agua con hielo; escurre y seca."",""Corta los tomates por la mitad."",""Mezcla con cebollín y aceite medido justo antes de servir.""]","[""low carb"",""keto-friendly"",""vegetariana"",""sin gluten"",""rápida"",""sin horno""]","[""Seca bien la cebolla para evitar que el aliño quede aguado.""]","{""id"":""vegetariana"",""emoji"":""🥬"",""nombre"":""Vegetariana""}","GRATUITO","true","true","8","2026-08-02T18:19:30.342872"
"bebidas-8-vitamina-cremosa-de-aguacate","8","Batido cremoso de palta y yogur","bebidas","Bebidas","Batido cremoso de palta, yogur y leche, con la porción de palta controlada.","/platos/bebidas-08-batido-cremoso-de-palta-y-yogur.webp","8","Fácil","1","{""kcal"":232,""carbs"":24.1,""fibra"":4,""sodio"":0,""grasas"":9.4,""proteina"":14.8}","[""Palta: ¼ palta grande"",""Yogur: ⅔ taza"",""Leche: ⅔ taza"",""Hielo: 4 cubos""]","[""Mide 60 g de pulpa de palta."",""Licúa la palta con el yogur y la leche hasta obtener una crema fluida."",""Añade el hielo y licúa brevemente; sirve de inmediato.""]","[""#bebidas"",""#batido"",""#sin-azucar-anadida"",""#receta-auditada""]","[""Mide la palta antes de licuar: añadir más cambia notablemente la grasa."",""Sirve inmediatamente para conservar el color y la textura.""]","{""id"":""vegetariana"",""emoji"":""🌱"",""nombre"":""Vegetariana""}","GRATUITO","true","true","8","2026-08-02T18:19:31.03302"
"snacks-8-pan-de-ajo","8","Pan de ajo con mozzarella y parmesano","snacks","Snacks","Pan de ajo con mozzarella y parmesano, reformulada con cantidades prácticas y grasa medida.","/platos/snacks-8-pan-de-ajo.webp","15","Intermedio","6","{""kcal"":187.4,""carbs"":13.6,""fibra"":1.7,""sodio"":228.1,""grasas"":9.3,""proteina"":12.3}","[""Queso crema ligero 60 g"",""Mozzarella 120 g"",""Parmesano 30 g"",""Huevos 100 g"",""Harina de avena 100 g"",""Yogur natural 100 g"",""Ajo 6 g""]","[""Mezcla huevos, yogur, queso crema y ajo."",""Añade avena y la mitad de los quesos."",""Extiende en molde, cubre con el queso restante y hornea a 180 °C durante 22 minutos; corta seis porciones.""]","[""low carb"",""keto-friendly"",""sin gluten"",""alto en proteína""]","[""El yogur sustituye la crema y reduce la carga de grasa sin perder humedad.""]","{""id"":""huevo"",""emoji"":""🥚"",""nombre"":""Huevo""}","GRATUITO","true","true","8","2026-08-02T18:19:30.342872"
"cenas-8-revuelto-energetico-de-almendras-y","8","Revuelto de huevo, claras, espinaca y semillas","cenas","Cenas","Revuelto de huevo, claras, espinaca y semillas reúne huevo, espinaca y camote. El plato se prepara mediante sartén y combina una proteína protagonista, vegetales con textura y un acompañamiento medido para formar un plato completo.","/platos/cenas-08-revuelto-de-huevo-claras-espinaca-y-semillas.webp","25","Fácil","2","{""kcal"":355,""carbs"":37.7,""fibra"":7.7,""sodio"":392,""grasas"":13.3,""proteina"":25.9}","[""100 g — Huevo (2 huevos)"",""200 g — Clara (6 claras)"",""180 g — Espinaca (6 tazas frescas)"",""300 g — Camote (2 camotes pequeños)"",""15 g — Mani (1 cucharada picada)"",""5 g — Aceite (1 cucharadita)""]","[""Cocina el camote y córtalo en cubos."",""Saltea la espinaca con el aceite medido."",""Añade huevos y claras batidos; remueve hasta cuajar."",""Sirve con el camote y el maní medido por encima.""]","[""#cenas"",""#proteina-huevo"",""#tecnica-sart-n"",""#receta-auditada"",""Cenas"",""Receta auditada""]","[""Para Revuelto de huevo, claras, espinaca y semillas, corta espinaca en piezas similares para que se cocine de manera uniforme."",""Al preparar Revuelto de huevo, claras, espinaca y semillas, mide 1 cucharadita de aceite antes de calentar; esa cantidad corresponde a toda la receta.""]","{""id"":""huevo"",""emoji"":""🥚"",""nombre"":""Huevo""}","GRATUITO","true","true","8","2026-08-02T18:19:30.342872"
"sopas-y-cremas-8-sopa-de-lentejas","8","Sopa de pollo, edamame y champiñones","sopas-y-cremas","Sopas y cremas","Sopa sustanciosa de pollo, edamame y champiñones, sin mezcla de embutidos.","/platos/sopas-y-cremas-8-sopa-de-lentejas.webp","30","Fácil","4","{""kcal"":178.1,""carbs"":10.3,""fibra"":5.2,""sodio"":34.8,""grasas"":5.7,""proteina"":21.4}","[""Pechuga de pollo sin piel en cubos 240 g"",""Edamame cocido y pelado 200 g"",""Champiñones en láminas 200 g"",""Tomate picado 100 g"",""Cebolla picada 80 g"",""Ajo 6 g (2 dientes)"",""Aceite vegetal u oliva 5 ml (1 cucharadita)"",""Agua 1.2 litros"",""Laurel, tomillo y pimienta al gusto"",""Sal opcional, máximo 1/4 cucharadita""]","[""Calienta el aceite y cocina la cebolla y el ajo 3 minutos."",""Añade el pollo y cocina hasta que cambie de color."",""Incorpora los champiñones, el tomate, el agua y las hierbas. Cocina 12 minutos."",""Agrega el edamame y cocina 5 minutos más."",""Comprueba que el pollo esté completamente cocido, sazona y sirve.""]","[""sopas y cremas"",""sin azúcar añadida""]","[""El edamame reemplaza la mezcla de chorizo, butifarra y tocino, reduciendo grasa y sodio."",""Corta el pollo en cubos uniformes para asegurar una cocción completa.""]","{""id"":""res"",""emoji"":""🥩"",""nombre"":""Res""}","GRATUITO","true","true","8","2026-08-02T18:19:30.846388"
"postres-8-dulce-cremoso-de-mani-y-chocolate","8","Cuadraditos cremosos de maní y cacao","postres","Postres","Dulce frío de maní y cacao espesado con leche y maicena.","/platos/postres-8-dulce-cremoso-de-mani-y-chocolate.webp","20","Fácil","16","{""kcal"":97,""carbs"":4.9,""fibra"":1.5,""sodio"":6.3,""grasas"":7,""proteina"":3.6}","[""Maní tostado sin sal 200 g"",""Cacao sin azúcar 20 g"",""Leche descremada 200 ml"",""Maicena 15 g"",""Aceite de coco 10 g (2 cucharaditas)"",""Eritritol 30 g o estevia equivalente"",""Vainilla 5 ml""]","[""Procesa el maní hasta formar una pasta gruesa."",""Disuelve maicena y cacao en la leche fría."",""Calienta con la pasta de maní, aceite y edulcorante, removiendo hasta espesar."",""Extiende en un molde pequeño y refrigera 3 horas."",""Corta en 16 cuadrados.""]","[""postres"",""sin azúcar añadida""]","[""Cada porción es un cuadrado pequeño."",""No requiere goma xantana ni 24 horas de refrigeración.""]","{""id"":""vegetariana"",""emoji"":""🌱"",""nombre"":""Vegetariana""}","GRATUITO","true","true","8","2026-08-02T18:19:31.03302"
"almuerzos-8-pastel-de-berenjenas-y-carne-molida","8","Pastel ligero de berenjena y carne","almuerzos","Almuerzos","Pastel en capas de berenjena, carne magra y salsa ligera de leche y avena.","/platos/almuerzo-corregido-08-pastel-ligero-de-berenjena-y-carne.webp","55","Intermedio","2","{""kcal"":422,""carbs"":43.4,""fibra"":14.6,""sodio"":362,""grasas"":17.8,""proteina"":38.2}","[""600 g — Berenjena (2 berenjenas grandes)"",""220 g — Res (1½ tazas de carne molida magra)"",""250 g — Tomate (2½ tazas picadas)"",""100 g — Cebolla (1 cebolla pequeña)"",""200 g — Leche (¾ taza)"",""30 g — Avena (⅓ taza molida)"",""60 g — Queso (½ taza rallada)"",""10 g — Aceite (2 cucharaditas)""]","[""Hornea las láminas de berenjena 12 minutos a 200 °C."",""Cocina cebolla y carne con la mitad del aceite; añade tomate."",""Espesa la leche con avena a fuego bajo."",""Alterna berenjena, carne y salsa; termina con queso y hornea 25 minutos.""]","[""Almuerzos"",""Receta auditada""]","[""Corta todas las láminas con grosor semejante."",""La salsa debe cubrir la cuchara antes de montar el pastel; si está líquida, cocínala un poco más.""]","{""id"":""res"",""emoji"":""🥩"",""nombre"":""Res""}","GRATUITO","true","true","8","2026-08-02T18:19:30.342872"
"almuerzos-9-rollo-de-carne-molida","9","Rollo de carne magra con verduras","almuerzos","Almuerzos","Rollo de carne magra relleno de espinaca, zanahoria y pimiento, servido con papa.","/platos/almuerzo-corregido-09-rollo-de-carne-magra-con-verduras.webp","55","Fácil","2","{""kcal"":529,""carbs"":54.7,""fibra"":9.8,""sodio"":358,""grasas"":17.5,""proteina"":44.6}","[""300 g — Res (2 tazas de carne molida magra)"",""40 g — Avena (½ taza escasa)"",""50 g — Huevo (1 huevo)"",""120 g — Zanahoria (1 taza rallada)"",""150 g — Espinaca (5 tazas frescas)"",""80 g — Cebolla (⅔ taza)"",""100 g — Pimiento (¾ taza)"",""250 g — Papa (2 papas pequeñas cocidas)""]","[""Mezcla carne, avena, huevo, cebolla y condimentos."",""Extiende sobre papel de horno, cubre con zanahoria, espinaca y pimiento, y enrolla."",""Hornea 35 minutos a 190 °C y deja reposar 8 minutos."",""Sirve con papa cocida.""]","[""Almuerzos"",""Receta auditada""]","[""Comprueba que el centro alcance 71 °C antes de retirarlo."",""Espera 8 minutos antes de cortar para conservar los jugos.""]","{""id"":""res"",""emoji"":""🥩"",""nombre"":""Res""}","GRATUITO","true","true","9","2026-08-02T18:19:30.342872"
"ensaladas-9-ensalada-de-legumbres","9","Ensalada tibia de pollo y verduras","ensaladas","Ensaladas","Ensalada tibia de pollo y verduras con ingredientes medidos y aliño equilibrado.","/platos/ensaladas-9-ensalada-de-legumbres.webp","15","Fácil","4","{""kcal"":182.2,""carbs"":12.6,""fibra"":4.1,""sodio"":215.1,""grasas"":3.2,""proteina"":25.8}","[""Pechuga de pollo cocida 300 g"",""Zanahoria 150 g"",""Vainitas 150 g"",""Pimiento 150 g"",""Zapallito italiano 200 g"",""Cebolla 100 g"",""Salsa de soya baja en sodio 20 g""]","[""Cocina la zanahoria y las vainitas hasta que queden tiernas pero firmes."",""Saltea cebolla, pimiento y zapallito en sartén antiadherente."",""Incorpora pollo y salsa de soya medida; sirve tibio.""]","[""low carb"",""keto-friendly"",""sin gluten"",""sin horno""]","[""No añadas sal antes de probar: la salsa de soya ya aporta sazón.""]","{""id"":""pollo"",""emoji"":""🍗"",""nombre"":""Pollo""}","GRATUITO","true","true","9","2026-08-02T18:19:30.342872"
"bebidas-9-batido-refrescante-de-aguacate-y-menta","9","Batido de palta, pepino y menta","bebidas","Bebidas","Batido vegetal de palta y pepino con limón y menta fresca.","/platos/bebidas-09-batido-de-palta-pepino-y-menta.webp","8","Fácil","1","{""kcal"":151,""carbs"":12.2,""fibra"":5.1,""sodio"":0,""grasas"":9.9,""proteina"":6.3}","[""Palta: ¼ palta mediana"",""Pepino: ½ pepino pequeño"",""Soya: ⅔ taza"",""Agua: ⅓ taza"",""Menta: 10 hojas"",""Limon: 1½ cucharadas"",""Hielo: 4 cubos""]","[""Lava el pepino y la menta y mide la pulpa de palta."",""Licúa palta, pepino, bebida de soya, agua y limón."",""Añade la menta y el hielo al final y licúa solo unos segundos.""]","[""#bebidas"",""#batido"",""#sin-azucar-anadida"",""#receta-auditada""]","[""Añadir la menta al final conserva mejor su aroma."",""No aumentes la palta: 50 g proporcionan la textura prevista.""]","{""id"":""vegetariana"",""emoji"":""🌱"",""nombre"":""Vegetariana""}","GRATUITO","true","true","9","2026-08-02T18:19:31.03302"
"postres-9-mousse-de-maracuya","9","Mousse ligera de maracuyá y yogur","postres","Postres","Mousse de maracuyá y yogur natural cuajada con gelatina sin sabor.","/platos/postres-9-mousse-de-maracuya.webp","15","Fácil","6","{""kcal"":54.6,""carbs"":8.7,""fibra"":0.1,""sodio"":45.5,""grasas"":0.2,""proteina"":4.5}","[""Pulpa de maracuyá 180 g"",""Yogur natural descremado 300 g"",""Gelatina sin sabor 10 g"",""Agua 80 ml"",""Eritritol 25 g o estevia equivalente"",""Vainilla 2 ml""]","[""Hidrata la gelatina en 50 ml de agua fría durante 5 minutos."",""Calienta los 30 ml restantes y disuelve la gelatina sin hervir."",""Licúa maracuyá, yogur, vainilla y edulcorante."",""Añade la gelatina en hilo fino."",""Distribuye en seis vasos y refrigera 3 horas.""]","[""postres"",""sin azúcar añadida""]","[""Rinde seis porciones pequeñas."",""La gelatina no debe hervir porque pierde capacidad de gelificación.""]","{""id"":""vegetariana"",""emoji"":""🌱"",""nombre"":""Vegetariana""}","GRATUITO","true","true","9","2026-08-02T18:19:31.03302"
"sopas-y-cremas-9-sopa-de-garbanzos-y-col","9","Sopa de coliflor, col y pollo ahumado","sopas-y-cremas","Sopas y cremas","Sopa cremosa de coliflor y col con pollo y una cantidad pequeña de tocino para el toque ahumado.","/platos/sopas-y-cremas-9-sopa-de-garbanzos-y-col.webp","30","Fácil","4","{""kcal"":143.8,""carbs"":10.1,""fibra"":3.8,""sodio"":152.9,""grasas"":4.6,""proteina"":15.5}","[""Coliflor en floretes 400 g"",""Col o repollo en tiras 300 g"",""Pechuga de pollo sin piel en cubos 200 g"",""Tocino picado 20 g"",""Cebolla picada 80 g"",""Ajo 6 g (2 dientes)"",""Agua 1.2 litros"",""Pimienta y pimentón ahumado al gusto"",""Sal opcional, máximo 1/8 cucharadita""]","[""Dora el tocino en una olla sin aceite y retira la grasa liberada."",""Añade la cebolla, el ajo y el pollo; cocina 5 minutos."",""Incorpora la coliflor y el agua. Cocina 15 minutos."",""Licúa una parte de la coliflor con caldo y devuélvela a la olla."",""Añade la col y cocina 5 minutos. Sazona con pimienta y pimentón.""]","[""sopas y cremas"",""sin azúcar añadida""]","[""El pimentón ahumado refuerza el sabor y permite usar solo 5 g de tocino por porción."",""No licúes toda la col para conservar una textura agradable.""]","{""id"":""cerdo"",""emoji"":""🥓"",""nombre"":""Cerdo""}","GRATUITO","true","true","9","2026-08-02T18:19:30.846388"
"cenas-9-pollo-crocante-con-salvado-de-avena","9","Pollo crocante con salvado de avena y brócoli","cenas","Cenas","Pollo crocante con salvado de avena y brócoli reúne pollo, brócoli y avena. El plato se prepara mediante horno y combina una proteína protagonista, vegetales con textura y un acompañamiento medido para formar un plato completo.","/platos/cenas-09-pollo-crocante-con-salvado-de-avena-y-brocoli.webp","35","Fácil","2","{""kcal"":346,""carbs"":30.6,""fibra"":7.6,""sodio"":116,""grasas"":10,""proteina"":40.2}","[""280 g — Pollo (2 filetes medianos)"",""60 g — Avena (⅔ taza molida)"",""300 g — Brocoli (3 tazas)"",""80 g — Cebolla (⅔ taza picada)"",""5 g — Aceite (1 cucharadita)""]","[""Cocina el camote y el brócoli; reserva."",""Condimenta el pollo y pásalo por la avena molida, presionando para adherirla."",""Colócalo en una bandeja pincelada con el aceite medido y hornea 22 minutos a 200 °C, volteándolo una vez."",""Comprueba que esté completamente cocido y sirve con los vegetales.""]","[""#cenas"",""#proteina-pollo"",""#tecnica-horno"",""#receta-auditada"",""Cenas"",""Receta auditada""]","[""Para Pollo crocante con salvado de avena y brócoli, precalienta el horno y distribuye brócoli en una capa uniforme para lograr una cocción pareja."",""Al preparar Pollo crocante con salvado de avena y brócoli, mide 1 cucharadita de aceite antes de calentar; esa cantidad corresponde a toda la receta.""]","{""id"":""pollo"",""emoji"":""🍗"",""nombre"":""Pollo""}","GRATUITO","true","true","9","2026-08-02T18:19:30.342872"
"postres-10-cocada-horneada","10","Cocada horneada sin azúcar añadida","postres","Postres","Cocada horneada de coco, leche descremada y huevo.","/platos/postres-10-cocada-horneada.webp","35","Fácil","16","{""kcal"":54.9,""carbs"":2.4,""fibra"":0.8,""sodio"":23.1,""grasas"":4.1,""proteina"":2.1}","[""Coco rallado sin azúcar 150 g"",""Leche descremada 300 ml"",""Huevos 3 unidades (150 g)"",""Eritritol 40 g o estevia equivalente"",""Vainilla 5 ml"",""Pizca de sal opcional""]","[""Precalienta el horno a 175 °C y forra un molde de 20 cm."",""Calienta leche y coco 3 minutos; deja entibiar."",""Bate huevos, vainilla y edulcorante."",""Integra con el coco y vierte en el molde."",""Hornea 20 a 25 minutos y corta en 16 cuadrados al enfriar.""]","[""postres"",""sin azúcar añadida""]","[""Rinde 16 cuadrados pequeños."",""La receta no necesita crema ni leche de coco adicional.""]","{""id"":""huevo"",""emoji"":""🥚"",""nombre"":""Huevo""}","GRATUITO","true","true","10","2026-08-02T18:19:31.03302"
"sopas-y-cremas-10-sopa-de-zanahoria","10","Crema de zanahoria, kion y curry","sopas-y-cremas","Sopas y cremas","Crema de zanahoria aromatizada con kion y curry, sin crema de leche.","/platos/sopas-y-cremas-10-sopa-de-zanahoria.webp","30","Fácil","4","{""kcal"":79.7,""carbs"":11.8,""fibra"":3.9,""sodio"":53.8,""grasas"":2.9,""proteina"":1.6}","[""Zanahoria en rodajas 500 g"",""Cebolla picada 100 g"",""Ajo 6 g (2 dientes)"",""Kion fresco rallado 10 g (2 cucharaditas)"",""Aceite vegetal u oliva 10 ml (2 cucharaditas)"",""Agua 900 ml"",""Curry en polvo 2 cucharaditas"",""Pimienta al gusto"",""Sal opcional, máximo 1/4 cucharadita""]","[""Calienta el aceite y cocina la cebolla, el ajo y el kion 3 minutos."",""Añade el curry y remueve 20 segundos."",""Incorpora la zanahoria y el agua. Cocina 20 minutos."",""Licúa hasta obtener una crema uniforme."",""Ajusta la textura, sazona y calienta 2 minutos.""]","[""sopas y cremas"",""sin azúcar añadida""]","[""Tuesta el curry solo unos segundos para liberar su aroma sin quemarlo."",""No necesita crema de leche; licuar la zanahoria bien cocida aporta cuerpo.""]","{""id"":""pollo"",""emoji"":""🍗"",""nombre"":""Pollo""}","GRATUITO","true","true","10","2026-08-02T18:19:30.846388"
"bebidas-10-vitamina-keto-de-aguacate-con-crema","10","Batido de piña, pepino y yogur","bebidas","Bebidas","Batido de piña, pepino y yogur combina piña, pepino y yogur en un vaso individual de textura y sabor definidos. La fórmula está ajustada como batido, sin azúcar añadida ni grasas concentradas innecesarias.","/platos/bebidas-10-batido-de-pina-pepino-y-yogur.webp","8","Fácil","1","{""kcal"":159,""carbs"":30.9,""fibra"":2.2,""grasas"":0.5,""proteina"":9.9}","[""120 g/ml — Pina (¾ taza en cubos)"",""100 g/ml — Pepino (½ pepino pequeño)"",""150 g/ml — Yogur (⅔ taza)"",""80 g/ml — Agua (⅓ taza)"",""80 g/ml — Hielo (4 cubos)""]","[""Lava y prepara todos los ingredientes."",""Colócalos en la licuadora con el líquido y el hielo."",""Licúa 45 a 60 segundos hasta obtener una textura uniforme."",""Sirve inmediatamente en un vaso de 350 a 400 ml.""]","[""#bebidas"",""#batido"",""#sin-azucar-anadida"",""#receta-auditada"",""Bebidas"",""Receta auditada""]","[""Congela la piña en cubos para obtener cremosidad sin crema ni aceite."",""Sirve batido de piña, pepino y yogur apenas termine el licuado para conservar su color y textura.""]","{""id"":""vegetariana"",""emoji"":""🌱"",""nombre"":""Vegetariana""}","GRATUITO","true","true","10","2026-08-02T18:19:31.03302"
"desayunos-10-pastel-de-calabaza","10","Bizcochito de zapallo y avena al microondas","desayunos","Desayunos","Bizcochito de zapallo y avena al microondas, húmedo y aromático.","/platos/desayunos-10-bizcochito-de-zapallo-y-avena-al-microondas.webp","10","Fácil","1","{""kcal"":382,""carbs"":53.6,""fibra"":7.3,""sodio"":202,""grasas"":10.3,""proteina"":25.3}","[""Avena: ½ taza · 40 g"",""Zapallo: 1 taza de puré · 150 g"",""Huevo: 1 huevo · 50 g"",""Clara: aprox. 2 claras pequeñas · 50 g"",""Yogur: ½ taza · 100 g"",""Nueces: 1 cucharadita · 5 g"",""Canela: ¼ cucharadita · 1 g"",""Polvo de hornear: ½ cucharadita · 2 g""]","[""Mezcla el puré de zapallo con la avena, el huevo, las claras, la canela y el polvo de hornear hasta integrar."",""Vierte en un recipiente individual apto para microondas y cocina de 3 a 4 minutos, hasta que el centro esté firme."",""Deja reposar 1 minuto y sirve con el yogur y las nueces picadas.""]","[""low carb"",""keto-friendly"",""sin gluten""]","[""No precalientes horno: esta preparación se cocina en microondas."",""Deja reposar un minuto después del microondas; el calor residual termina de fijar el centro.""]","{""id"":""huevo"",""emoji"":""🥚"",""nombre"":""Huevo""}","GRATUITO","true","true","10","2026-08-02T18:19:30.342872"
"cenas-10-tacos-mexicanos","10","Tacos integrales de pollo y verduras","cenas","Cenas","Tacos integrales de pollo y verduras reúne pollo, tomate y acompañamiento medido. El plato se prepara mediante sartén y combina una proteína protagonista, vegetales con textura y un acompañamiento medido para formar un plato completo.","/platos/cenas-10-tacos-integrales-de-pollo-y-verduras.webp","30","Fácil","2","{""kcal"":408,""carbs"":41.1,""fibra"":6,""sodio"":271,""grasas"":10.4,""proteina"":38.8}","[""280 g — Pollo (2 filetes medianos)"",""100 g — Tortilla (4 tortillas pequeñas)"",""180 g — Pimiento (1½ pimientos)"",""180 g — Tomate (2 tomates)"",""80 g — Cebolla (⅔ taza)"",""100 g — Yogur (½ taza)"",""5 g — Aceite (1 cucharadita)""]","[""Corta el pollo y las verduras en tiras."",""Cocina el pollo con el aceite medido; añade pimiento y cebolla."",""Calienta las tortillas sin aceite."",""Arma dos tacos por persona con tomate y yogur.""]","[""#cenas"",""#proteina-pollo"",""#tecnica-sart-n"",""#receta-auditada"",""Cenas"",""Receta auditada""]","[""Para Tacos integrales de pollo y verduras, corta tomate en piezas similares para que se cocine de manera uniforme."",""Al preparar Tacos integrales de pollo y verduras, mide 1 cucharadita de aceite antes de calentar; esa cantidad corresponde a toda la receta.""]","{""id"":""pescado"",""emoji"":""🐟"",""nombre"":""Pescado""}","GRATUITO","true","true","10","2026-08-02T18:19:30.342872"
"almuerzos-10-pizzaiolo-de-carne-molida","10","Pizza de pollo, avena y verduras","almuerzos","Almuerzos","Pizza con base horneada de pollo y avena, cubierta con tomate, pimiento, cebolla y queso medido.","/platos/almuerzo-corregido-10-pizza-de-pollo-avena-y-verduras.webp","40","Fácil","2","{""kcal"":446,""carbs"":38.1,""fibra"":6.8,""sodio"":158,""grasas"":14.1,""proteina"":47}","[""300 g — Pollo (2¼ tazas de pollo molido)"",""70 g — Avena (¾ taza molida)"",""50 g — Huevo (1 huevo)"",""220 g — Tomate (1 taza de tomate triturado)"",""120 g — Pimiento (1 pimiento)"",""80 g — Cebolla (⅔ taza)"",""60 g — Queso (½ taza rallada)"",""5 g — Aceite (1 cucharadita)""]","[""Mezcla pollo, avena y huevo; extiende en una bandeja formando la base."",""Hornea 15 minutos a 200 °C."",""Cubre con tomate, cebolla, pimiento y queso."",""Hornea 12 minutos adicionales hasta gratinar ligeramente.""]","[""Almuerzos"",""Receta auditada""]","[""Extiende la base entre dos hojas de papel para obtener grosor uniforme."",""Evita sobrecargarla con salsa para que pueda cortarse sin romperse.""]","{""id"":""res"",""emoji"":""🥩"",""nombre"":""Res""}","GRATUITO","true","true","10","2026-08-02T18:19:30.342872"
"ensaladas-10-ensalada-de-brocoli-y-coliflor","10","Ensalada tibia de brócoli, coliflor y mozzarella","ensaladas","Ensaladas","Ensalada tibia de brócoli, coliflor y mozzarella con ingredientes medidos y aliño equilibrado.","/platos/ensaladas-10-ensalada-de-brocoli-y-coliflor.webp","15","Fácil","6","{""kcal"":163.9,""carbs"":16.5,""fibra"":5.1,""sodio"":163.7,""grasas"":6.2,""proteina"":10.6}","[""Brócoli 700 g"",""Coliflor 500 g"",""Poro 150 g"",""Mozzarella 120 g"",""Yogur natural sin azúcar 100 g"",""Aceite de oliva 10 g""]","[""Cocina el brócoli y la coliflor al vapor hasta que queden firmes."",""Dora el poro con el aceite medido y mezcla con las verduras."",""Retira del fuego, añade yogur y mozzarella; sirve tibio.""]","[""low carb"",""keto-friendly"",""sin gluten"",""rápida"",""sin horno"",""alto en proteína""]","[""Añade el yogur fuera del fuego para que conserve una textura cremosa.""]","{""id"":""res"",""emoji"":""🥩"",""nombre"":""Res""}","GRATUITO","true","true","10","2026-08-02T18:19:30.342872"
"almuerzos-11-tarta-de-atun","11","Tarta de atún sin crema con choclo y tomate","almuerzos","Almuerzos","Tarta sin masa de atún, choclo, tomate y zanahoria, ligada con huevo, claras y yogur.","/platos/almuerzo-corregido-11-tarta-de-atun-sin-crema-con-choclo-y-tomate.webp","40","Fácil","2","{""kcal"":453,""carbs"":38.2,""fibra"":5.3,""sodio"":284,""grasas"":9.7,""proteina"":56.5}","[""260 g — Atun (2 latas escurridas)"",""100 g — Huevo (2 huevos)"",""100 g — Clara (3 claras)"",""150 g — Yogur (¾ taza)"",""180 g — Maiz (1½ tazas de choclo cocido)"",""200 g — Tomate (2 tomates)"",""100 g — Zanahoria (1 taza rallada)"",""80 g — Cebolla (⅔ taza)"",""30 g — Queso (2 cucharadas)""]","[""Precalienta el horno a 180 °C."",""Bate huevos, claras y yogur."",""Incorpora atún, choclo, tomate, zanahoria y cebolla; vierte en una fuente."",""Añade queso y hornea 30 minutos.""]","[""Almuerzos"",""Receta auditada""]","[""Usa una fuente baja para favorecer una cocción pareja."",""Déjala entibiar antes de cortar; recién salida del horno estará más frágil.""]","{""id"":""pescado"",""emoji"":""🐟"",""nombre"":""Pescado""}","GRATUITO","true","true","11","2026-08-02T18:19:30.342872"
"ensaladas-11-ensalada-de-atun","11","Ensalada fresca de atún y tomate","ensaladas","Ensaladas","Ensalada fresca de atún y tomate con ingredientes medidos y aliño equilibrado.","/platos/ensaladas-11-ensalada-de-atun.webp","10","Fácil","2","{""kcal"":158.5,""carbs"":8.3,""fibra"":3,""sodio"":271.7,""grasas"":3.8,""proteina"":22.8}","[""Atún al natural escurrido 160 g"",""Lechuga 180 g"",""Tomate 250 g"",""Aceite de oliva 5 g"",""Jugo de limón 25 g""]","[""Escurre bien el atún."",""Distribuye lechuga y tomate en una fuente."",""Añade el atún y aliña con limón y una cucharadita de aceite.""]","[""low carb"",""keto-friendly"",""sin gluten"",""rápida"",""sin horno""]","[""Prefiere atún al natural y escúrrelo para controlar grasa y sodio.""]","{""id"":""pescado"",""emoji"":""🐟"",""nombre"":""Pescado""}","GRATUITO","true","true","11","2026-08-02T18:19:30.342872"
"cenas-11-torta-de-pollo","11","Pastel ligero de pollo, papa y verduras","cenas","Cenas","Pastel ligero de pollo, papa y verduras reúne pollo, espinaca y papa. El plato se prepara mediante horno y combina una proteína protagonista, vegetales con textura y un acompañamiento medido para formar un plato completo.","/platos/cenas-11-pastel-ligero-de-pollo-papa-y-verduras.webp","35","Fácil","2","{""kcal"":398,""carbs"":44,""fibra"":6,""sodio"":170,""grasas"":8.4,""proteina"":41.1}","[""280 g — Pollo (2 filetes medianos)"",""320 g — Papa (2 papas medianas)"",""180 g — Espinaca (6 tazas frescas)"",""80 g — Cebolla (⅔ taza picada)"",""5 g — Aceite (1 cucharadita)"",""120 g — Yogur (½ taza)""]","[""Cocina la papa, aplástala y distribuye la mitad en una fuente pequeña."",""Cocina el pollo con cebolla y aceite; incorpora espinaca y yogur fuera del fuego."",""Cubre la base con el relleno y termina con la papa restante."",""Hornea 20 minutos a 190 °C hasta que la superficie esté firme.""]","[""#cenas"",""#proteina-pollo"",""#tecnica-horno"",""#receta-auditada"",""Cenas"",""Receta auditada""]","[""Para Pastel ligero de pollo, papa y verduras, precalienta el horno y distribuye espinaca en una capa uniforme para lograr una cocción pareja."",""Al preparar Pastel ligero de pollo, papa y verduras, mide 1 cucharadita de aceite antes de calentar; esa cantidad corresponde a toda la receta.""]","{""id"":""pollo"",""emoji"":""🍗"",""nombre"":""Pollo""}","GRATUITO","true","true","11","2026-08-02T18:19:30.846388"
"postres-11-trufas-de-chocolate","11","Trufas de chocolate y ricotta","postres","Postres","Trufas frías de chocolate oscuro, ricotta y cacao.","/platos/postres-11-trufas-de-chocolate.webp","20","Fácil","16","{""kcal"":56,""carbs"":4.1,""fibra"":1.1,""sodio"":13,""grasas"":3.6,""proteina"":1.8}","[""Chocolate oscuro 70% 100 g"",""Ricotta parcialmente descremada 150 g"",""Cacao sin azúcar 20 g"",""Estevia equivalente a 2 cucharadas de azúcar"",""Vainilla 2 ml""]","[""Derrite el chocolate a baño maría y deja entibiar."",""Procesa la ricotta hasta que esté lisa."",""Mezcla chocolate, ricotta, vainilla y edulcorante."",""Refrigera 2 horas."",""Forma 16 bolitas y rebózalas ligeramente en cacao.""]","[""postres"",""sin azúcar añadida""]","[""Cada porción es una trufa."",""Mantén refrigeradas y consúmelas dentro de tres días.""]","{""id"":""vegetariana"",""emoji"":""🌱"",""nombre"":""Vegetariana""}","GRATUITO","true","true","11","2026-08-02T18:19:31.03302"
"sopas-y-cremas-11-sopa-de-remolacha-con-limon","11","Crema de betarraga con limón y yogur","sopas-y-cremas","Sopas y cremas","Crema de betarraga con limón y yogur natural descremado, de sabor fresco y textura ligera.","/platos/sopas-y-cremas-11-sopa-de-remolacha-con-limon.webp","35","Fácil","4","{""kcal"":89,""carbs"":13.2,""fibra"":4.6,""sodio"":139.1,""grasas"":1.8,""proteina"":5}","[""Betarraga pelada en cubos 600 g"",""Cebolla picada 100 g"",""Yogur natural descremado sin azúcar 120 g (1/2 taza)"",""Jugo de limón 40 ml"",""Aceite vegetal u oliva 5 ml (1 cucharadita)"",""Agua 900 ml"",""Pimienta y comino al gusto"",""Sal opcional, máximo 1/4 cucharadita""]","[""Calienta el aceite y cocina la cebolla 3 minutos."",""Añade la betarraga y el agua. Cocina tapado 25 minutos, hasta que esté tierna."",""Licúa y deja reposar 5 minutos."",""Templa el yogur mezclándolo con media taza de la crema y luego incorpóralo a la olla."",""Añade el limón, sazona y calienta a fuego bajo sin hervir.""]","[""sopas y cremas"",""sin azúcar añadida""]","[""Templa el yogur antes de incorporarlo para evitar que se corte."",""Añade el limón al final para mantener un sabor fresco.""]","{""id"":""res"",""emoji"":""🥩"",""nombre"":""Res""}","GRATUITO","true","true","11","2026-08-02T18:19:30.846388"
"desayunos-11-crepioca-de-linaza","11","Crepioca de linaza con queso y tomate","desayunos","Desayunos","Crepioca de linaza con relleno fresco de queso, tomate y espinaca.","/platos/desayuno-corregido-11-crepioca-de-linaza-con-queso-y-tomate.webp","20","Fácil","1","{""kcal"":309,""carbs"":29.8,""fibra"":5.5,""sodio"":301,""grasas"":12.4,""proteina"":23.7}","[""10 g — Linaza (1 cucharada)"",""20 g — Tapioca (1½ cucharadas)"",""50 g — Huevo (1 huevo)"",""80 g — Clara (aprox. 3 claras pequeñas)"",""20 g — Queso (1 tajada pequeña)"",""100 g — Tomate (1 tomate pequeño)"",""50 g — Espinaca (1½ tazas)""]","[""Mezcla linaza, tapioca, huevo y claras."",""Cuaja a fuego medio-bajo."",""Rellena con queso, tomate y espinaca.""]","[""Desayunos"",""Receta auditada""]","[""Deja hidratar la linaza 3 minutos antes de cocinar."",""Muele la linaza justo antes de usarla para integrarla mejor en la masa.""]","{""id"":""huevo"",""emoji"":""🥚"",""nombre"":""Huevo""}","GRATUITO","true","true","11","2026-08-02T18:19:30.342872"
"bebidas-11-vitamina-de-fresa-con-almendras","11","Batido de fresa, almendra y yogur","bebidas","Bebidas","Batido de fresas y yogur con una cucharada medida de almendras.","/platos/bebidas-11-batido-de-fresa-almendra-y-yogur.webp","8","Fácil","1","{""kcal"":219,""carbs"":26.3,""fibra"":4.9,""sodio"":0,""grasas"":8.2,""proteina"":12.8}","[""Fresa: 1 taza"",""Almendra: 1 cucharada"",""Yogur: ⅔ taza"",""Agua: ⅓ taza"",""Hielo: 4 cubos""]","[""Remoja las almendras durante 2 horas y escúrrelas."",""Licúa las almendras con el yogur y el agua hasta que queden finas."",""Añade las fresas y el hielo y licúa hasta integrar.""]","[""#bebidas"",""#batido"",""#sin-azucar-anadida"",""#receta-auditada""]","[""Usa exactamente la cucharada de almendras indicada."",""Licuar primero las almendras mejora la textura del batido.""]","{""id"":""vegetariana"",""emoji"":""🌱"",""nombre"":""Vegetariana""}","GRATUITO","true","true","11","2026-08-02T18:19:31.03302"
"postres-12-besos-de-coco","12","Besos de coco y leche","postres","Postres","Bocaditos de coco y leche descremada, sin crema ni aceite añadido.","/platos/postres-12-besos-de-coco.webp","25","Fácil","16","{""kcal"":44.2,""carbs"":3.4,""fibra"":0.7,""sodio"":23.5,""grasas"":2.6,""proteina"":1.8}","[""Coco rallado sin azúcar 120 g"",""Leche descremada 200 ml"",""Leche descremada en polvo 50 g"",""Eritritol 30 g o estevia equivalente"",""Vainilla 5 ml"",""Coco rallado adicional 15 g para acabado""]","[""Mezcla leche, leche en polvo, edulcorante y vainilla."",""Calienta a fuego bajo e incorpora el coco."",""Remueve 6 a 8 minutos hasta obtener una masa moldeable."",""Enfría 30 minutos y forma 16 bolitas."",""Pasa ligeramente por el coco adicional y refrigera.""]","[""postres"",""sin azúcar añadida""]","[""Cada porción es un bocadito."",""No necesita aceite de coco ni crema de leche.""]","{""id"":""vegetariana"",""emoji"":""🌱"",""nombre"":""Vegetariana""}","GRATUITO","true","true","12","2026-08-02T18:19:31.03302"
"almuerzos-12-kibe-de-atun","12","Kibe de atún, coliflor y quinua","almuerzos","Almuerzos","Kibe horneado de atún, coliflor y quinua con tomate y cebolla.","/platos/almuerzo-corregido-12-kibe-de-atun-coliflor-y-quinua.webp","45","Fácil","2","{""kcal"":409,""carbs"":50.5,""fibra"":11.4,""sodio"":35,""grasas"":7.2,""proteina"":44}","[""260 g — Atun (2 latas escurridas)"",""300 g — Coliflor (3 tazas cocidas)"",""260 g — Quinua (1⅔ tazas cocidas)"",""120 g — Cebolla (1 cebolla mediana)"",""180 g — Tomate (2 tomates)"",""40 g — Avena (½ taza molida)"",""5 g — Aceite (1 cucharadita)""]","[""Tritura la coliflor y elimina el exceso de agua."",""Mezcla con quinua, avena, atún, cebolla y tomate."",""Extiende en una fuente pincelada con aceite y marca porciones."",""Hornea 30 minutos a 190 °C.""]","[""Almuerzos"",""Receta auditada""]","[""Marca las porciones antes de hornear para facilitar el corte."",""Condimenta con comino, pimienta y hierbabuena en lugar de mezclas instantáneas.""]","{""id"":""pescado"",""emoji"":""🐟"",""nombre"":""Pescado""}","GRATUITO","true","true","12","2026-08-02T18:19:30.342872"
"cenas-12-croqueta-frita-de-pollo","12","Croquetas horneadas de pollo y coliflor","cenas","Cenas","Croquetas horneadas de pollo y coliflor reúne pollo, coliflor y avena. El plato se prepara mediante horno y combina una proteína protagonista, vegetales con textura y un acompañamiento medido para formar un plato completo.","/platos/cenas-12-croquetas-horneadas-de-pollo-y-coliflor.webp","35","Fácil","2","{""kcal"":343,""carbs"":32.5,""fibra"":8.1,""sodio"":168,""grasas"":9.2,""proteina"":41.4}","[""Pollo: 280 g de pollo crudo · 280 g"",""Avena: ⅔ taza molida · 60 g"",""Coliflor: 3½ tazas · 350 g"",""Cebolla: ⅔ taza picada · 80 g"",""Aceite: 1 cucharadita · 5 g"",""Clara: 2 claras · 60 g""]","[""Cocina la coliflor, tritúrala y presiónala para retirar el exceso de agua."",""Pica o muele el pollo crudo y mézclalo con la coliflor, la avena, las claras y la cebolla."",""Forma 10 croquetas, colócalas en una bandeja pincelada con el aceite y aplánalas ligeramente."",""Hornea durante 25 minutos a 200 °C, voltéalas a mitad de cocción y comprueba que el centro alcance 74 °C.""]","[""#cenas"",""#proteina-pollo"",""#tecnica-horno"",""#receta-auditada""]","[""Retira toda el agua posible de la coliflor para que las croquetas mantengan la forma."",""Forma croquetas iguales y comprueba 74 °C en el centro.""]","{""id"":""pollo"",""emoji"":""🍗"",""nombre"":""Pollo""}","GRATUITO","true","true","12","2026-08-02T18:19:30.846388"
"ensaladas-12-ensalada-de-bacalao","12","Ensalada de pescado, huevo y verduras","ensaladas","Ensaladas","Ensalada de pescado, huevo y verduras con ingredientes medidos y aliño equilibrado.","/platos/ensaladas-12-ensalada-de-bacalao.webp","20","Fácil","4","{""kcal"":230.4,""carbs"":12.5,""fibra"":3,""sodio"":249.3,""grasas"":6,""proteina"":31.5}","[""Pescado blanco cocido 400 g"",""Huevos cocidos 200 g"",""Pimiento 200 g"",""Cebolla 150 g"",""Pepino 250 g"",""Tomate 250 g"",""Ajo 6 g"",""Jugo de limón 30 g""]","[""Cocina el pescado, deja enfriar y separa en lascas."",""Corta las verduras y los huevos."",""Mezcla con ajo y limón; refrigera 20 minutos.""]","[""low carb"",""keto-friendly"",""sin gluten"",""rápida"",""sin horno"",""alto en proteína""]","[""Si usas bacalao seco, desálalo completamente y no añadas sal.""]","{""id"":""pescado"",""emoji"":""🐟"",""nombre"":""Pescado""}","GRATUITO","true","true","12","2026-08-02T18:19:30.342872"
"bebidas-12-vitamina-cremosa-de-maracuya","12","Batido cremoso de maracuyá y yogur","bebidas","Bebidas","Batido cremoso de maracuyá con yogur natural y leche descremada.","/platos/bebidas-12-batido-cremoso-de-maracuya-y-yogur.webp","8","Fácil","1","{""kcal"":227,""carbs"":41.5,""fibra"":10.4,""sodio"":0,""grasas"":1.2,""proteina"":15.3}","[""Maracuya: ½ taza de pulpa"",""Yogur: ¾ taza"",""Leche: ⅓ taza"",""Hielo: 4 cubos""]","[""Retira la pulpa de maracuyá y reserva una cucharadita de semillas si deseas decorar."",""Licúa brevemente la pulpa con el yogur y la leche."",""Añade el hielo y licúa hasta alcanzar una textura cremosa.""]","[""#bebidas"",""#batido"",""#sin-azucar-anadida"",""#receta-auditada""]","[""Licúa brevemente para evitar triturar demasiado las semillas."",""Usa yogur natural sin azúcar para conservar el perfil previsto.""]","{""id"":""vegetariana"",""emoji"":""🌱"",""nombre"":""Vegetariana""}","GRATUITO","true","true","12","2026-08-02T18:19:31.03302"
"sopas-y-cremas-12-crema-de-chayote","12","Crema de chayote y poro con tocino medido","sopas-y-cremas","Sopas y cremas","Crema suave de chayote y poro, terminada con yogur natural y una pequeña cantidad de tocino crujiente.","/platos/sopas-y-cremas-12-crema-de-chayote.webp","30","Fácil","4","{""kcal"":102.1,""carbs"":14.4,""fibra"":3.9,""sodio"":114.1,""grasas"":2.9,""proteina"":4.6}","[""Chayote pelado en cubos 700 g (3 unidades medianas)"",""Poro picado 120 g (1 1/4 tazas)"",""Cebolla picada 100 g (1 unidad pequeña)"",""Tocino picado 20 g (2 cucharadas)"",""Yogur natural descremado sin azúcar 100 g"",""Ajo 6 g (2 dientes)"",""Agua 900 ml"",""Pimienta y nuez moscada al gusto"",""Sal opcional, máximo 1/8 cucharadita""]","[""Dora el tocino en una olla sin añadir aceite. Retíralo y reserva."",""En la misma olla cocina la cebolla, el poro y el ajo 3 minutos."",""Añade el chayote y el agua. Cocina tapado 20 minutos."",""Licúa y deja reposar 5 minutos. Templa el yogur con un poco de crema y reincorpóralo."",""Calienta sin hervir y sirve con el tocino reservado.""]","[""sopas y cremas"",""sin azúcar añadida""]","[""Se eliminan las yemas crudas por seguridad alimentaria."",""Usa solo 5 g de tocino por porción como acabado, no como ingrediente principal.""]","{""id"":""res"",""emoji"":""🥩"",""nombre"":""Res""}","GRATUITO","true","true","12","2026-08-02T18:19:30.846388"
"postres-13-flan-de-coco-individual","13","Flan ligero de coco","postres","Postres","Flan horneado de leche, huevo y coco en porciones individuales.","/platos/postres-13-flan-de-coco-individual.webp","45","Fácil","6","{""kcal"":69.9,""carbs"":3.7,""fibra"":0.5,""sodio"":49,""grasas"":4.3,""proteina"":4.1}","[""Huevos 2 unidades (100 g)"",""Leche descremada 300 ml"",""Leche de coco ligera 80 ml"",""Coco rallado sin azúcar 30 g"",""Eritritol 30 g o estevia equivalente"",""Vainilla 5 ml""]","[""Precalienta el horno a 170 °C."",""Mezcla huevos, leches, coco, vainilla y edulcorante sin incorporar mucho aire."",""Distribuye en seis moldes pequeños."",""Hornea al baño maría 30 a 35 minutos."",""Enfría y refrigera 2 horas.""]","[""postres"",""sin azúcar añadida""]","[""El centro debe conservar un ligero movimiento al salir del horno."",""No requiere yemas adicionales ni aceite de coco.""]","{""id"":""huevo"",""emoji"":""🥚"",""nombre"":""Huevo""}","GRATUITO","true","true","13","2026-08-02T18:19:31.03302"
"ensaladas-mob-14-ensalada-de-tofu-quinua-y-brocoli-con-salsa-ligera-de-mani","914","Ensalada de tofu, quinua y brócoli con salsa ligera de maní","control-de-peso","CONTROL DE PESO","Tofu apanado en coco y dorado en freidora de aire, sobre quinua y brócoli con un aderezo cremoso de maní.","/platos/ensaladas-mob-14-ensalada-de-tofu-quinua-y-brocoli-con-salsa-ligera-de-mani.webp","35","Fácil","1","{""kcal"":470,""carbs"":50,""grasas"":19,""proteina"":27}","[""30 g de coco rallado (deshidratado)"",""40 g de crema de coco (48 g para apanar + 32 g para el aderezo)"",""110 g de tofu ahumado"",""10 g de maicena (fécula de maíz)"",""200 g de brócoli"",""1 cda de mantequilla de maní"",""1 cda de sillao"",""¼ cdta de aceite de ajonjolí"",""½ limón"",""10 g de hierbabuena"",""½ cda de aceite de oliva"",""125 g de quinua cocida"",""Hojuelas de ají (opcional)"",""Sal y pimienta""]","[""Pon el coco rallado en un bol, la crema de coco en otro y la maicena en un tercero. Sazónalos."",""Corta el tofu en cubos de 3 cm, pásalos por la maicena cubriendo todos los lados, luego por la crema de coco (escurre el exceso) y finalmente por el coco rallado, presionando para que se adhiera. Reserva."",""Coloca el tofu en la freidora de aire, rocía con aceite y cocina a 180 °C por 15 min; voltea y cocina 10 min más hasta dorar. Retira y reserva."",""Corta el brócoli en tercios y mézclalo con aceite de oliva, sal y pimienta. Cocínalo en la freidora a 180 °C por 8 min. Vuelve a poner el tofu y cocina 2 min para calentar."",""Mezcla la mantequilla de maní con el resto de la crema de coco, el jugo de ½ limón, el aceite de ajonjolí y el sillao. Prueba y ajusta."",""Pica la mitad de la hierbabuena y mézclala con la quinua y el resto del jugo de limón."",""Reparte la quinua en dos platos y coloca encima el brócoli y el tofu. Rocía el aderezo de maní y decora con hierbabuena y una pizca de ají, si te gusta.""]","[""Control de peso"",""NutriCook Selección 2026"",""tipo original: ensaladas"",""ingredientes accesibles"",""adaptada a Perú"",""ensaladas""]","[""Presiona el tofu antes de dorarlo para retirar humedad y obtener una superficie más firme.""]","{""id"":""tofu"",""emoji"":""🌱"",""nombre"":""Tofu""}","GRATUITO","true","true","914","2026-08-22T13:33:24.061839"
